Word,PoS,IPA,Translation,Example,Level,Topic,Tags
a,det.,ə,неопределенный артикль,I have <b>a</b> cat.,A1,Служебные слова,Oxford
an,det.,ən,неопределенный артикль,She has <b>an</b> apple.,A1,Служебные слова,Oxford
about,prep.,əˈbaʊt,"о, про",We talked <b>about</b> the film.,A1,Общение,Oxford
about,adv.,əˈbaʊt,"около, приблизительно",It is <b>about</b> five o'clock.,A1,Время,Oxford
above,prep.,əˈbʌv,"над, выше",The picture is <b>above</b> the sofa.,A1,Положение,Oxford
across,prep.,əˈkrɒs,"через, на той стороне",He walked <b>across</b> the street.,A1,Перемещение,Oxford
action,n.,ˈækʃn,действие,We need to take <b>action</b> now.,A1,Действия,Oxford
activity,n.,ækˈtɪvəti,"деятельность, занятие",Reading is a relaxing <b>activity</b>.,A1,Развлечения,Oxford
actor,n.,ˈæktə(r),актер,He is a famous <b>actor</b>.,A1,Профессии,Oxford
actress,n.,ˈæktrəs,актриса,She is a talented <b>actress</b>.,A1,Профессии,Oxford
add,v.,æd,добавлять,<b>Add</b> some milk to the tea.,A1,Еда и напитки,Oxford
address,n.,əˈdres,адрес,What is your home <b>address</b>?,A1,Личные данные,Oxford
adult,n.,ˈædʌlt,взрослый,This ticket is for an <b>adult</b>.,A1,Люди,Oxford
adult,adj.,ˈædʌlt,взрослый,She has two <b>adult</b> children.,A1,Описание,Oxford
advice,n.,ədˈvaɪs,совет,Can you give me some <b>advice</b>?,A1,Общение,Oxford
afraid,adj.,əˈfreɪd,"испуганный, боящийся",He is <b>afraid</b> of dogs.,A1,Чувства,Oxford
after,prep.,ˈɑːftə(r),"после, за",Let's meet <b>after</b> work.,A1,Время,Oxford
afternoon,n.,ˌɑːftəˈnuːn,день (после полудня),See you this <b>afternoon</b>.,A1,Время,Oxford
again,adv.,əˈɡen,"снова, опять",Could you say that <b>again</b>?,A1,Общение,Oxford
age,n.,eɪdʒ,возраст,What is your <b>age</b>?,A1,Личные данные,Oxford
ago,adv.,əˈɡəʊ,тому назад,I moved here two years <b>ago</b>.,A1,Время,Oxford
agree,v.,əˈɡriː,соглашаться,I <b>agree</b> with your idea.,A1,Общение,Oxford
air,n.,eə(r),воздух,I need some fresh <b>air</b>.,A1,Природа,Oxford
airport,n.,ˈeəpɔːt,аэропорт,We arrived at the <b>airport</b>.,A1,Путешествия,Oxford
all,det.,ɔːl,"все, всё",<b>All</b> my friends are here.,A1,Описание,Oxford
also,adv.,ˈɔːlsəʊ,"также, тоже",She speaks French and <b>also</b> Spanish.,A1,Общение,Oxford
always,adv.,ˈɔːlweɪz,всегда,He <b>always</b> smiles.,A1,Время,Oxford
amazing,adj.,əˈmeɪzɪŋ,"удивительный, потрясающий",That movie was <b>amazing</b>!,A1,Описание,Oxford
and,conj.,ænd,"и, а",I like tea <b>and</b> coffee.,A1,Служебные слова,Oxford
angry,adj.,ˈæŋɡri,"сердитый, злой",Why are you so <b>angry</b>?,A1,Чувства,Oxford
animal,n.,ˈænɪml,животное,A dog is a friendly <b>animal</b>.,A1,Природа,Oxford
another,det.,əˈnʌðə(r),"другой, еще один",Would you like <b>another</b> cup of tea?,A1,Описание,Oxford
answer,n.,ˈɑːnsə(r),ответ,I know the correct <b>answer</b>.,A1,Общение,Oxford
answer,v.,ˈɑːnsə(r),отвечать,Please <b>answer</b> the question.,A1,Общение,Oxford
any,det.,ˈeni,"любой, какой-нибудь",Do you have <b>any</b> questions?,A1,Описание,Oxford
anyone,pron.,ˈeniwʌn,"кто-нибудь, никто",Is <b>anyone</b> at home?,A1,Люди,Oxford
anybody,pron.,ˈenibɒdi,"кто-нибудь, никто",Does <b>anybody</b> know him?,A1,Люди,Oxford
anything,pron.,ˈeniθɪŋ,"что-нибудь, ничто",Did you buy <b>anything</b>?,A1,Вещи,Oxford
apartment,n.,əˈpɑːtmənt,квартира,They live in a big <b>apartment</b>.,A1,Дом и быт,Oxford
apple,n.,ˈæpl,яблоко,I eat an <b>apple</b> every day.,A1,Еда и напитки,Oxford
April,n.,ˈeɪprəl,апрель,My birthday is in <b>April</b>.,A1,Время,Oxford
area,n.,ˈeəriə,"площадь, область, район",This is a quiet <b>area</b>.,A1,Город и места,Oxford
arm,n.,ɑːm,рука (от кисти до плеча),He hurt his left <b>arm</b>.,A1,Тело и здоровье,Oxford
around,prep.,əˈraʊnd,"вокруг, около",We walked <b>around</b> the park.,A1,Положение,Oxford
arrive,v.,əˈraɪv,"прибывать, приезжать",The train will <b>arrive</b> soon.,A1,Путешествия,Oxford
art,n.,ˈɑːt,искусство,She studies <b>art</b> at school.,A1,Учеба,Oxford
article,n.,ˈɑːtɪkl,статья (в газете/журнале),I read an interesting <b>article</b>.,A1,Информация,Oxford
artist,n.,ˈɑːtɪst,"художник, артист",He is a famous <b>artist</b>.,A1,Профессии,Oxford
as,prep.,æz,"как, в качестве",She works <b>as</b> a doctor.,A1,Работа,Oxford
ask,v.,ɑːsk,"спрашивать, просить",Can I <b>ask</b> a question?,A1,Общение,Oxford
at,prep.,æt,"в, у, около",She is <b>at</b> home.,A1,Положение,Oxford
August,n.,ˈɔːɡəst,август,We go on holiday in <b>August</b>.,A1,Время,Oxford
aunt,n.,ɑːnt,тётя,My <b>aunt</b> lives in London.,A1,Семья,Oxford
autumn,n.,ˈɔːtəm,осень,Leaves fall in <b>autumn</b>.,A1,Природа,Oxford
away,adv.,əˈweɪ,"прочь, далеко","Go <b>away</b>, please.",A1,Перемещение,Oxford
baby,n.,ˈbeɪbi,"младенец, малыш",The <b>baby</b> is sleeping.,A1,Семья,Oxford
back,n.,bæk,спина,My <b>back</b> hurts.,A1,Тело и здоровье,Oxford
back,adv.,bæk,назад,Please come <b>back</b>.,A1,Перемещение,Oxford
bad,adj.,bæd,плохой,It is a <b>bad</b> idea.,A1,Описание,Oxford
bag,n.,bæɡ,"сумка, пакет",Put the book in your <b>bag</b>.,A1,Вещи,Oxford
ball,n.,bɔːl,мяч,He kicked the <b>ball</b>.,A1,Спорт,Oxford
banana,n.,bəˈnɑːnə,банан,I eat a <b>banana</b> for breakfast.,A1,Еда и напитки,Oxford
band,n.,bænd,музыкальная группа,They play in a rock <b>band</b>.,A1,Развлечения,Oxford
bank,n.,bæŋk,банк,I need to go to the <b>bank</b>.,A1,Город и места,Oxford
bar,n.,bɑː(r),"бар, плитка",Let me buy a <b>bar</b> of chocolate.,A1,Еда и напитки,Oxford
basketball,n.,ˈbɑːskɪtbɔːl,баскетбол,We play <b>basketball</b> on Sundays.,A1,Спорт,Oxford
bath,n.,bɑːθ,ванна,I want to take a warm <b>bath</b>.,A1,Дом и быт,Oxford
bathroom,n.,ˈbɑːθruːm,ванная комната,The <b>bathroom</b> is upstairs.,A1,Дом и быт,Oxford
be,v.,bi,быть,I want to <b>be</b> a teacher.,A1,Действия,Oxford
beach,n.,biːtʃ,пляж,We spent the day at the <b>beach</b>.,A1,Отдых и природа,Oxford
beautiful,adj.,ˈbjuːtɪfl,"красивый, прекрасный",She has a <b>beautiful</b> voice.,A1,Описание,Oxford
because,conj.,bɪˈkɒz,потому что,I am late <b>because</b> of the traffic.,A1,Служебные слова,Oxford
become,v.,bɪˈkʌm,становиться,He wants to <b>become</b> famous.,A1,Действия,Oxford
bed,n.,bed,кровать,It is time to go to <b>bed</b>.,A1,Дом и быт,Oxford
bedroom,n.,ˈbedruːm,спальня,She is reading in her <b>bedroom</b>.,A1,Дом и быт,Oxford
beer,n.,bɪə(r),пиво,He ordered a glass of <b>beer</b>.,A1,Еда и напитки,Oxford
before,prep.,bɪˈfɔː(r),"до, перед",Wash your hands <b>before</b> lunch.,A1,Время,Oxford
begin,v.,bɪˈɡɪn,начинать,The lesson will <b>begin</b> soon.,A1,Действия,Oxford
beginning,n.,bɪˈɡɪnɪŋ,начало,Read the book from the <b>beginning</b>.,A1,Общее,Oxford
behind,prep.,bɪˈhaɪnd,"за, сзади",The cat is <b>behind</b> the sofa.,A1,Положение,Oxford
believe,v.,bɪˈliːv,"верить, полагать",I <b>believe</b> you.,A1,Общение,Oxford
below,prep.,bɪˈləʊ,"под, ниже",Write your name <b>below</b> the line.,A1,Положение,Oxford
best,adj.,best,лучший,You are my <b>best</b> friend.,A1,Описание,Oxford
better,adj.,ˈbetə(r),"лучший, лучше",This idea is much <b>better</b>.,A1,Описание,Oxford
between,prep.,bɪˈtwiːn,между,The shop is <b>between</b> two houses.,A1,Положение,Oxford
bicycle,n.,ˈbaɪsɪkl,велосипед,He rides his <b>bicycle</b> to school.,A1,Транспорт,Oxford
bike,n.,baɪk,велосипед,I have a new <b>bike</b>.,A1,Транспорт,Oxford
big,adj.,bɪɡ,большой,They live in a <b>big</b> city.,A1,Описание,Oxford
bill,n.,bɪl,счет,"Can I have the <b>bill</b>, please?",A1,Покупки,Oxford
bird,n.,bɜːd,птица,A <b>bird</b> is singing in the tree.,A1,Природа,Oxford
birthday,n.,ˈbɜːθdeɪ,день рождения,Happy <b>birthday</b> to you!,A1,Праздники,Oxford
biscuit,n.,ˈbɪskɪt,печенье,Would you like a <b>biscuit</b>?,A1,Еда и напитки,Oxford
black,adj.,blæk,черный,She is wearing a <b>black</b> jacket.,A1,Описание,Oxford
blog,n.,blɒɡ,блог,He writes a daily <b>blog</b>.,A1,Технологии,Oxford
blonde,adj.,blɒnd,светлый (о волосах),She has long <b>blonde</b> hair.,A1,Описание,Oxford
blue,adj.,bluː,"синий, голубой",The sky is <b>blue</b> today.,A1,Описание,Oxford
board,n.,bɔːd,доска,"Look at the <b>board</b>, please.",A1,Учеба,Oxford
boat,n.,bəʊt,"лодка, катер",They crossed the river by <b>boat</b>.,A1,Транспорт,Oxford
body,n.,bɒdi,тело,Exercise is good for your <b>body</b>.,A1,Тело и здоровье,Oxford
book,n.,bʊk,книга,She is reading a good <b>book</b>.,A1,Учеба,Oxford
book,v.,bʊk,"бронировать, резервировать",I want to <b>book</b> a table.,A1,Путешествия,Oxford
boot,n.,buːt,"ботинок, сапог",Put on your rain <b>boots</b>.,A1,Одежда,Oxford
bored,adj.,bɔːd,скучающий,"I am <b>bored</b>, let's go out.",A1,Чувства,Oxford
boring,adj.,ˈbɔːrɪŋ,скучный,The film was very <b>boring</b>.,A1,Описание,Oxford
born,v.,bɔːn,рожденный,I was <b>born</b> in July.,A1,Личные данные,Oxford
both,det.,bəʊθ,"оба, обе",<b>Both</b> books are interesting.,A1,Описание,Oxford
bottle,n.,ˈbɒtl,бутылка,"Buy a <b>bottle</b> of water, please.",A1,Еда и напитки,Oxford
box,n.,bɒks,коробка,What is inside this <b>box</b>?,A1,Вещи,Oxford
boy,n.,bɔɪ,мальчик,The <b>boy</b> is playing football.,A1,Люди,Oxford
boyfriend,n.,ˈbɔɪfrend,парень,She went out with her <b>boyfriend</b>.,A1,Отношения,Oxford
bread,n.,bred,хлеб,I need to buy some <b>bread</b>.,A1,Еда и напитки,Oxford
break,v.,breɪk,ломать,Don't <b>break</b> the window!,A1,Действия,Oxford
break,n.,breɪk,перерыв,Let's take a ten-minute <b>break</b>.,A1,Отдых и природа,Oxford
breakfast,n.,ˈbrekfəst,завтрак,What did you eat for <b>breakfast</b>?,A1,Еда и напитки,Oxford
bring,v.,brɪŋ,"приносить, приводить",Please <b>bring</b> me the check.,A1,Действия,Oxford
brother,n.,ˈbrʌðə(r),брат,My <b>brother</b> is ten years old.,A1,Семья,Oxford
brown,adj.,braʊn,коричневый,He has <b>brown</b> eyes.,A1,Описание,Oxford
build,v.,bɪld,строить,They want to <b>build</b> a house.,A1,Действия,Oxford
building,n.,ˈbɪldɪŋ,здание,That is a very tall <b>building</b>.,A1,Город и места,Oxford
bus,n.,bʌs,автобус,I go to school by <b>bus</b>.,A1,Транспорт,Oxford
business,n.,ˈbɪznəs,"бизнес, дело",She runs a small <b>business</b>.,A1,Работа,Oxford
busy,adj.,ˈbɪzi,занятой,The doctor is <b>busy</b> right now.,A1,Описание,Oxford
but,conj.,bʌt,но,I like tea <b>but</b> I don't like coffee.,A1,Служебные слова,Oxford
butter,n.,ˈbʌtə(r),сливочное масло,"Pass the <b>butter</b>, please.",A1,Еда и напитки,Oxford
buy,v.,baɪ,покупать,I want to <b>buy</b> a new car.,A1,Покупки,Oxford
by,prep.,baɪ,"у, около, путем",We travelled <b>by</b> train.,A1,Транспорт,Oxford
cafe,n.,ˈkæfeɪ,кафе,Let's meet at the <b>cafe</b>.,A1,Еда и напитки,Oxford
cake,n.,keɪk,"торт, пирожное",She baked a chocolate <b>cake</b>.,A1,Еда и напитки,Oxford
call,v.,kɔːl,"звонить, звать",Please <b>call</b> me tomorrow.,A1,Общение,Oxford
call,n.,kɔːl,звонок,I missed your <b>call</b>.,A1,Общение,Oxford
camera,n.,ˈkæmrə,"фотоаппарат, камера",He took a photo with his <b>camera</b>.,A1,Технологии,Oxford
can,modal v.,kæn,"мочь, уметь",I <b>can</b> swim very well.,A1,Способности,Oxford
capital,n.,ˈkæpɪtl,столица,Paris is the <b>capital</b> of France.,A1,География,Oxford
car,n.,kɑː(r),"машина, автомобиль",He bought a new <b>car</b>.,A1,Транспорт,Oxford
card,n.,kɑːd,"карта, карточка",Can I pay by <b>card</b>?,A1,Покупки,Oxford
careful,adj.,ˈkeəfl,осторожный,Be <b>careful</b> with that glass.,A1,Характер,Oxford
carrot,n.,ˈkærət,морковь,Rabbits love <b>carrots</b>.,A1,Еда и напитки,Oxford
carry,v.,ˈkæri,"нести, носить",Can you help me <b>carry</b> this box?,A1,Действия,Oxford
cat,n.,kæt,"кошка, кот",The <b>cat</b> is sleeping on the chair.,A1,Животные,Oxford
centre,n.,ˈsentə(r),центр,We live in the city <b>centre</b>.,A1,Город и места,Oxford
chair,n.,tʃeə(r),стул,Please sit on this <b>chair</b>.,A1,Дом и быт,Oxford
change,v.,tʃeɪndʒ,менять,I need to <b>change</b> my clothes.,A1,Действия,Oxford
change,n.,tʃeɪndʒ,сдача,Here is your <b>change</b>.,A1,Покупки,Oxford
change,n.,tʃeɪndʒ,изменение,There was a big <b>change</b> in the weather.,A1,Описание,Oxford
cheap,adj.,tʃiːp,дешевый,This shirt is very <b>cheap</b>.,A1,Покупки,Oxford
check,v.,tʃek,проверять,Please <b>check</b> your answers.,A1,Учеба,Oxford
check,n.,tʃek,чек,"Can I have the <b>check</b>, please?",A1,Покупки,Oxford
cheese,n.,tʃiːz,сыр,I like <b>cheese</b> on my pizza.,A1,Еда и напитки,Oxford
chicken,n.,ˈtʃɪkɪn,курица,We had <b>chicken</b> for dinner.,A1,Еда и напитки,Oxford
child,n.,tʃaɪld,ребенок,The <b>child</b> is playing in the garden.,A1,Семья,Oxford
children,n.,ˈtʃɪldrən,дети,The <b>children</b> are at school.,A1,Семья,Oxford
chocolate,n.,ˈtʃɒklət,шоколад,Do you like dark <b>chocolate</b>?,A1,Еда и напитки,Oxford
choose,v.,tʃuːz,выбирать,You can <b>choose</b> any book you like.,A1,Действия,Oxford
cinema,n.,ˈsɪnəmə,кинотеатр,Let's go to the <b>cinema</b> tonight.,A1,Развлечения,Oxford
city,n.,ˈsɪti,город,Tokyo is a huge <b>city</b>.,A1,Город и места,Oxford
class,n.,klɑːs,"класс, урок",Our English <b>class</b> starts at nine.,A1,Учеба,Oxford
classroom,n.,ˈklɑːsruːm,классная комната,The students are in the <b>classroom</b>.,A1,Учеба,Oxford
clean,adj.,kliːn,чистый,Keep your room <b>clean</b>.,A1,Дом и быт,Oxford
clean,v.,kliːn,чистить,I need to <b>clean</b> my room.,A1,Дом и быт,Oxford
clear,adj.,klɪə(r),"ясный, понятный",His explanation was very <b>clear</b>.,A1,Общение,Oxford
clever,adj.,ˈklevə(r),"умный, сообразительный",She is a very <b>clever</b> girl.,A1,Характер,Oxford
clock,n.,klɒk,часы,Look at the <b>clock</b> on the wall.,A1,Дом и быт,Oxford
close,v.,kləʊz,закрывать,Please <b>close</b> the door.,A1,Действия,Oxford
close,adj.,kləʊz,близкий,He is a <b>close</b> friend of mine.,A1,Отношения,Oxford
closed,adj.,kləʊzd,закрытый,The shop is <b>closed</b> today.,A1,Покупки,Oxford
clothes,n.,kləʊðz,одежда,She bought new <b>clothes</b>.,A1,Одежда,Oxford
club,n.,klʌb,клуб,He joined a sports <b>club</b>.,A1,Развлечения,Oxford
coat,n.,kəʊt,"пальто, куртка",Put on your warm <b>coat</b>.,A1,Одежда,Oxford
coffee,n.,ˈkɒfi,кофе,I drink <b>coffee</b> every morning.,A1,Еда и напитки,Oxford
cold,adj.,kəʊld,холодный,It is very <b>cold</b> outside.,A1,Погода,Oxford
cold,n.,kəʊld,"холод, простуда",I have a bad <b>cold</b>.,A1,Здоровье,Oxford
college,n.,ˈkɒlɪdʒ,колледж,She studies at <b>college</b>.,A1,Учеба,Oxford
colour,n.,ˈkʌlə(r),цвет,What is your favourite <b>colour</b>?,A1,Описание,Oxford
come,v.,kʌm,"приходить, приезжать","<b>Come</b> here, please.",A1,Действия,Oxford
common,adj.,ˈkɒmən,"общий, распространенный",This is a <b>common</b> mistake.,A1,Описание,Oxford
company,n.,ˈkʌmpəni,"компания, фирма",He works for a big <b>company</b>.,A1,Работа,Oxford
computer,n.,kəmˈpjuːtə(r),компьютер,I work on my <b>computer</b> every day.,A1,Технологии,Oxford
concert,n.,ˈkɒnsət,концерт,We bought tickets for the <b>concert</b>.,A1,Развлечения,Oxford
conversation,n.,ˌkɒnvəˈseɪʃn,"разговор, беседа",We had a long <b>conversation</b>.,A1,Общение,Oxford
cook,v.,kʊk,готовить,I love to <b>cook</b> dinner for my family.,A1,Еда и напитки,Oxford
cooking,n.,ˈkʊkɪŋ,кулинария,Italian <b>cooking</b> is famous worldwide.,A1,Еда и напитки,Oxford
cool,adj.,kuːl,"прохладный, крутой",It's a <b>cool</b> evening.,A1,Погода,Oxford
correct,adj.,kəˈrekt,правильный,Your answer is <b>correct</b>.,A1,Учеба,Oxford
correct,v.,kəˈrekt,исправлять,Please <b>correct</b> my mistakes.,A1,Учеба,Oxford
cost,n.,kɒst,стоимость,What is the total <b>cost</b>?,A1,Покупки,Oxford
cost,v.,kɒst,стоить,How much does this shirt <b>cost</b>?,A1,Покупки,Oxford
country,n.,ˈkʌntri,"страна, сельская местность",Which <b>country</b> do you live in?,A1,География,Oxford
cousin,n.,ˈkʌzn,"двоюродный брат, сестра",My <b>cousin</b> lives in London.,A1,Семья,Oxford
cow,n.,kaʊ,корова,The <b>cow</b> gives us milk.,A1,Животные,Oxford
cream,n.,kriːm,"сливки, крем",I like coffee with <b>cream</b>.,A1,Еда и напитки,Oxford
cross,v.,krɒs,пересекать,Be careful when you <b>cross</b> the street.,A1,Действия,Oxford
cross,n.,krɒs,крест,Draw a small <b>cross</b> in the box.,A1,Описание,Oxford
cup,n.,kʌp,чашка,"A <b>cup</b> of tea, please.",A1,Еда и напитки,Oxford
cut,v.,kʌt,резать,<b>Cut</b> the cake into six pieces.,A1,Действия,Oxford
dad,n.,dæd,папа,My <b>dad</b> is a teacher.,A1,Семья,Oxford
dance,v.,dɑːns,танцевать,Do you want to <b>dance</b>?,A1,Развлечения,Oxford
dance,n.,dɑːns,танец,It was a beautiful <b>dance</b>.,A1,Развлечения,Oxford
dancer,n.,ˈdɑːnsə(r),танцор,She is a professional <b>dancer</b>.,A1,Профессии,Oxford
dangerous,adj.,ˈdeɪndʒərəs,опасный,Driving fast is <b>dangerous</b>.,A1,Описание,Oxford
dark,adj.,dɑːk,темный,It gets <b>dark</b> early in winter.,A1,Описание,Oxford
date,n.,deɪt,дата,What is today's <b>date</b>?,A1,Время,Oxford
date,n.,deɪt,свидание,He asked her out on a <b>date</b>.,A1,Отношения,Oxford
daughter,n.,ˈdɔːtə(r),дочь,They have one <b>daughter</b>.,A1,Семья,Oxford
day,n.,deɪ,день,Have a nice <b>day</b>!,A1,Время,Oxford
dear,adj.,dɪə(r),"дорогой, милый","<b>Dear</b> John, how are you?",A1,Общение,Oxford
December,n.,dɪˈsembə(r),декабрь,Christmas is in <b>December</b>.,A1,Время,Oxford
decide,v.,dɪˈsaɪd,"решать, принимать решение",I can't <b>decide</b> what to order.,A1,Действия,Oxford
delicious,adj.,dɪˈlɪʃəs,вкусный,This pizza is <b>delicious</b>.,A1,Еда и напитки,Oxford
describe,v.,dɪˈskraɪb,описывать,Can you <b>describe</b> your house?,A1,Общение,Oxford
desk,n.,desk,письменный стол,His laptop is on the <b>desk</b>.,A1,Дом и быт,Oxford
detail,n.,dɪˈteɪl,"деталь, подробность",Tell me every <b>detail</b>.,A1,Общение,Oxford
dictionary,n.,ˈdɪkʃənri,словарь,Look up the word in a <b>dictionary</b>.,A1,Учеба,Oxford
die,v.,daɪ,умирать,Plants <b>die</b> without water.,A1,Природа,Oxford
diet,n.,ˈdaɪət,"диета, питание",A healthy <b>diet</b> is important.,A1,Здоровье,Oxford
difference,n.,ˈdɪfrəns,"разница, различие",What is the <b>difference</b> between them?,A1,Описание,Oxford
different,adj.,ˈdɪfrənt,разный,They go to <b>different</b> schools.,A1,Описание,Oxford
difficult,adj.,ˈdɪfɪkəlt,"трудный, сложный",This test is very <b>difficult</b>.,A1,Учеба,Oxford
dinner,n.,ˈdɪnə(r),"ужин, обед",We have <b>dinner</b> at seven.,A1,Еда и напитки,Oxford
director,n.,dɪˈrektə(r),"директор, режиссер",He is the <b>director</b> of the company.,A1,Работа,Oxford
dirty,adj.,ˈdɜːti,грязный,Wash your <b>dirty</b> hands.,A1,Дом и быт,Oxford
discuss,v.,dɪˈskʌs,обсуждать,Let's <b>discuss</b> our plans.,A1,Общение,Oxford
dish,n.,dɪʃ,"блюдо, тарелка",Lasagna is a delicious <b>dish</b>.,A1,Еда и напитки,Oxford
do,v.,duː,делать,I <b>do</b> my homework after dinner.,A1,Действия,Oxford
doctor,n.,ˈdɒktə(r),"врач, доктор",See a <b>doctor</b> if you feel sick.,A1,Профессии,Oxford
dog,n.,dɒɡ,собака,My <b>dog</b> likes to run.,A1,Животные,Oxford
dollar,n.,ˈdɒlə(r),доллар,The book costs ten <b>dollars</b>.,A1,Покупки,Oxford
door,n.,dɔː(r),дверь,"Open the <b>door</b>, please.",A1,Дом и быт,Oxford
down,adv.,daʊn,вниз,"Sit <b>down</b>, please.",A1,Действия,Oxford
downstairs,adv.,ˌdaʊnˈsteəz,"внизу, на нижнем этаже",She went <b>downstairs</b> to eat.,A1,Дом и быт,Oxford
draw,v.,drɔː,рисовать,She loves to <b>draw</b> flowers.,A1,Развлечения,Oxford
drawing,n.,ˈdrɔːɪŋ,рисунок,That is a beautiful <b>drawing</b>.,A1,Искусство,Oxford
dream,n.,driːm,"сон, мечта",I had a strange <b>dream</b>.,A1,Разное,Oxford
dream,v.,driːm,"мечтать, видеть сон",I <b>dream</b> about traveling.,A1,Разное,Oxford
dress,n.,dres,платье,She bought a red <b>dress</b>.,A1,Одежда,Oxford
dress,v.,dres,одеваться,Get <b>dressed</b> quickly!,A1,Одежда,Oxford
drink,v.,drɪŋk,пить,<b>Drink</b> plenty of water.,A1,Еда и напитки,Oxford
drink,n.,drɪŋk,напиток,Would you like a cold <b>drink</b>?,A1,Еда и напитки,Oxford
drive,v.,draɪv,водить,He learned to <b>drive</b> a car.,A1,Транспорт,Oxford
driver,n.,ˈdraɪvə(r),водитель,The taxi <b>driver</b> was friendly.,A1,Профессии,Oxford
drop,v.,drɒp,ронять,Be careful not to <b>drop</b> the glass.,A1,Действия,Oxford
drop,n.,drɒp,капля,A single <b>drop</b> of rain fell.,A1,Природа,Oxford
dry,adj.,draɪ,сухой,Keep your clothes <b>dry</b>.,A1,Описание,Oxford
dry,v.,draɪ,сушить,<b>Dry</b> your hands with a towel.,A1,Действия,Oxford
during,prep.,ˈdjʊərɪŋ,"в течение, во время",She slept <b>during</b> the flight.,A1,Время,Oxford
table tennis,n.,ˈteɪbl tenɪs,настольный теннис,We play <b>table tennis</b> after school.,A1,Спорт,Oxford
take,v.,teɪk,брать,"<b>Take</b> an umbrella, it might rain.",A1,Действия,Oxford
talk,v.,tɔːk,разговаривать,Can I <b>talk</b> to you for a moment?,A1,Общение,Oxford
talk,n.,tɔːk,разговор,We had an interesting <b>talk</b>.,A1,Общение,Oxford
tall,adj.,tɔːl,высокий,He is a <b>tall</b> man.,A1,Описание,Oxford
taxi,n.,ˈtæksi,такси,Let's call a <b>taxi</b> to the airport.,A1,Путешествия,Oxford
tea,n.,tiː,чай,Would you like a cup of <b>tea</b>?,A1,Еда и напитки,Oxford
teach,v.,tiːtʃ,учить,She <b>teaches</b> English at school.,A1,Учеба,Oxford
teacher,n.,ˈtiːtʃə(r),учитель,Our <b>teacher</b> is very kind.,A1,Профессии,Oxford
team,n.,tiːm,команда,Our football <b>team</b> won the game.,A1,Спорт,Oxford
teenager,n.,ˈtiːneɪdʒə(r),подросток,She is a <b>teenager</b> of fifteen.,A1,Люди,Oxford
telephone,n.,ˈtelɪfəʊn,телефон,The <b>telephone</b> is ringing.,A1,Технологии,Oxford
telephone,v.,ˈtelɪfəʊn,звонить,Please <b>telephone</b> me later.,A1,Общение,Oxford
television,n.,ˈtelɪvɪʒn,телевизор,We watch news on <b>television</b>.,A1,Развлечения,Oxford
tell,v.,tel,рассказывать,<b>Tell</b> me about your day.,A1,Общение,Oxford
ten,num.,ten,десять,I have <b>ten</b> fingers.,A1,Числа,Oxford
tennis,n.,ˈtenɪs,теннис,She plays <b>tennis</b> on weekends.,A1,Спорт,Oxford
terrible,adj.,ˈterəbl,ужасный,The weather today is <b>terrible</b>.,A1,Описание,Oxford
test,n.,test,"тест, проверка",We have an English <b>test</b> tomorrow.,A1,Учеба,Oxford
test,v.,test,проверять,The teacher will <b>test</b> our vocabulary.,A1,Учеба,Oxford
text,n.,tekst,текст,Read the short <b>text</b> carefully.,A1,Учеба,Oxford
text,v.,tekst,писать сообщение,<b>Text</b> me when you arrive.,A1,Общение,Oxford
than,conj.,ðæn,чем,He is taller <b>than</b> me.,A1,Служебные слова,Oxford
thank,v.,θæŋk,благодарить,<b>Thank</b> you for your help.,A1,Общение,Oxford
thanks,excl.,θæŋks,спасибо,<b>Thanks</b> a lot for the gift!,A1,Общение,Oxford
that,det.,ðæt,тот,Look at <b>that</b> beautiful bird.,A1,Описание,Oxford
that,pron.,ðæt,то,What is <b>that</b> in your bag?,A1,Вещи,Oxford
that,conj.,ðæt,что,I know <b>that</b> you are busy.,A1,Служебные слова,Oxford
the,det.,ðə,определенный артикль,<b>The</b> sun is shining.,A1,Служебные слова,Oxford
theatre,n.,ˈθɪətə(r),театр,We saw a play at the <b>theatre</b>.,A1,Развлечения,Oxford
their,det.,ðeə(r),их,This is <b>their</b> house.,A1,Люди,Oxford
them,pron.,ðəm,их,Give <b>them</b> the books.,A1,Люди,Oxford
then,adv.,ðen,"затем, тогда","First finish work, <b>then</b> rest.",A1,Время,Oxford
there,adv.,ðeə(r),там,The shop is over <b>there</b>.,A1,Положение,Oxford
they,pron.,ðeɪ,они,<b>They</b> are my best friends.,A1,Люди,Oxford
thing,n.,θɪŋ,вещь,Put your <b>things</b> on the table.,A1,Вещи,Oxford
think,v.,θɪŋk,думать,I <b>think</b> it will rain today.,A1,Действия,Oxford
third,num.,θɜːd,третий,This is my <b>third</b> time here.,A1,Числа,Oxford
thirsty,adj.,ˈθɜːsti,испытывающий жажду,"I am <b>thirsty</b>, pass the water.",A1,Чувства,Oxford
thirteen,num.,ˌθɜːˈtiːn,тринадцать,My sister is <b>thirteen</b> years old.,A1,Числа,Oxford
thirty,num.,ˈθɜːti,тридцать,It costs <b>thirty</b> dollars.,A1,Числа,Oxford
this,det.,ðɪs,этот,<b>This</b> book is very interesting.,A1,Описание,Oxford
this,pron.,ðɪs,это,<b>This</b> is my friend Alex.,A1,Люди,Oxford
thousand,num.,ˈθaʊznd,тысяча,A <b>thousand</b> people came.,A1,Числа,Oxford
three,num.,θriː,три,I have <b>three</b> cats.,A1,Числа,Oxford
through,prep.,θruː,через,We walked <b>through</b> the forest.,A1,Перемещение,Oxford
Thursday,n.,ˈθɜːzdeɪ,четверг,The test is on <b>Thursday</b>.,A1,Время,Oxford
ticket,n.,ˈtɪkɪt,билет,I bought a train <b>ticket</b>.,A1,Путешествия,Oxford
tidy,adj.,ˈtaɪdi,аккуратный,Keep your desk <b>tidy</b>.,A1,Описание,Oxford
tidy,v.,ˈtaɪdi,убирать,Please <b>tidy</b> your room.,A1,Дом и быт,Oxford
time,n.,taɪm,время,What <b>time</b> is it?,A1,Время,Oxford
tired,adj.,ˈtaɪəd,уставший,I am <b>tired</b> after work.,A1,Чувства,Oxford
to,prep.,tu,"в, к",We drive <b>to</b> the station.,A1,Перемещение,Oxford
today,n.,təˈdeɪ,сегодня,<b>Today</b> is a great day.,A1,Время,Oxford
today,adv.,təˈdeɪ,сегодня,I am busy <b>today</b>.,A1,Время,Oxford
together,adv.,təˈɡeðə(r),вместе,Let's study <b>together</b>.,A1,Общение,Oxford
toilet,n.,ˈtɔɪlət,туалет,Where is the <b>toilet</b>?,A1,Дом и быт,Oxford
tomato,n.,təˈmɑːtəʊ,помидор,Add a fresh <b>tomato</b> to the salad.,A1,Еда и напитки,Oxford
tomorrow,n.,təˈmɒrəʊ,завтра,<b>Tomorrow</b> is Friday.,A1,Время,Oxford
tomorrow,adv.,təˈmɒrəʊ,завтра,See you <b>tomorrow</b>!,A1,Время,Oxford
tonight,n.,təˈnaɪt,сегодняшний вечер,<b>Tonight</b> is movie night.,A1,Время,Oxford
tonight,adv.,təˈnaɪt,сегодня вечером,Call me <b>tonight</b>.,A1,Время,Oxford
too,adv.,tuː,"тоже, слишком",It is <b>too</b> hot outside.,A1,Описание,Oxford
tooth,n.,tuːθ,зуб,I brush every <b>tooth</b> twice a day.,A1,Тело и здоровье,Oxford
topic,n.,ˈtɒpɪk,тема,Today's <b>topic</b> is grammar.,A1,Учеба,Oxford
total,adj.,ˈtəʊtl,"общий, полный",What is the <b>total</b> cost?,A1,Описание,Oxford
total,n.,ˈtəʊtl,итог,Pay the grand <b>total</b> at the checkout.,A1,Покупки,Oxford
tour,n.,tʊə(r),"тур, экскурсия",We went on a city <b>tour</b>.,A1,Путешествия,Oxford
tourist,n.,ˈtʊərɪst,турист,Many <b>tourists</b> visit the castle.,A1,Путешествия,Oxford
town,n.,taʊn,город,I live in a small <b>town</b>.,A1,Город и места,Oxford
toy,n.,tɔɪ,игрушка,The kid is playing with a <b>toy</b>.,A1,Развлечения,Oxford
train,n.,treɪn,поезд,The <b>train</b> arrives at noon.,A1,Путешествия,Oxford
travel,v.,ˈtrævl,путешествовать,I love to <b>travel</b> around Europe.,A1,Путешествия,Oxford
travel,n.,ˈtrævl,путешествие,<b>Travel</b> broadens the mind.,A1,Путешествия,Oxford
tree,n.,triː,дерево,A bird sits on the <b>tree</b> branch.,A1,Природа,Oxford
trip,n.,trɪp,поездка,Have a nice <b>trip</b>!,A1,Путешествия,Oxford
trousers,n.,ˈtraʊzəz,брюки,He wears black <b>trousers</b>.,A1,Одежда,Oxford
true,adj.,truː,правдивый,Is this story <b>true</b>?,A1,Описание,Oxford
try,v.,traɪ,пробовать,<b>Try</b> to do your best.,A1,Действия,Oxford
T-shirt,n.,ˈtiː ʃɜːt,футболка,Put on a white <b>T-shirt</b>.,A1,Одежда,Oxford
Tuesday,n.,ˈtjuːzdeɪ,вторник,See you on <b>Tuesday</b>.,A1,Время,Oxford
turn,v.,tɜːn,поворачивать,<b>Turn</b> left at the lights.,A1,Перемещение,Oxford
turn,n.,tɜːn,поворот,It is your <b>turn</b> to play.,A1,Развлечения,Oxford
TV,n.,ˌtiː ˈviː,телевизор,Turn off the <b>TV</b>.,A1,Развлечения,Oxford
twelve,num.,twelv,двенадцать,There are <b>twelve</b> months.,A1,Числа,Oxford
twenty,num.,ˈtwenti,двадцать,He is <b>twenty</b> years old.,A1,Числа,Oxford
twice,adv.,twaɪs,дважды,I brush my teeth <b>twice</b> daily.,A1,Время,Oxford
two,num.,tuː,два,I have <b>two</b> sisters.,A1,Числа,Oxford
type,n.,taɪp,тип,What <b>type</b> of music do you like?,A1,Общее,Oxford
umbrella,n.,ʌmˈbrelə,зонт,Take an <b>umbrella</b> with you.,A1,Вещи,Oxford
uncle,n.,ˈʌŋkl,дядя,My <b>uncle</b> lives in Canada.,A1,Семья,Oxford
under,prep.,ˈʌndə(r),под,The cat is <b>under</b> the table.,A1,Положение,Oxford
understand,v.,ˌʌndəˈstænd,понимать,I don't <b>understand</b> this question.,A1,Общение,Oxford
university,n.,ˌjuːnɪˈvɜːsəti,университет,She studies at the <b>university</b>.,A1,Учеба,Oxford
until,prep.,ənˈtɪl,"до, пока не",Wait <b>until</b> five o'clock.,A1,Время,Oxford
up,adv.,ʌp,вверх,"Stand <b>up</b>, please.",A1,Положение,Oxford
up,prep.,ʌp,наверх,He walked <b>up</b> the stairs.,A1,Перемещение,Oxford
upstairs,adv.,ˌʌpˈsteəz,"наверху, наверх",She is sleeping <b>upstairs</b>.,A1,Положение,Oxford
us,pron.,ʌs,нам,Join <b>us</b> for dinner.,A1,Люди,Oxford
use,v.,juːz,использовать,Can I <b>use</b> your pen?,A1,Действия,Oxford
useful,adj.,ˈjuːsfl,полезный,This app is very <b>useful</b>.,A1,Описание,Oxford
usually,adv.,ˈjuːʒuəli,обычно,I <b>usually</b> wake up at seven.,A1,Время,Oxford
vacation,n.,vəˈkeɪʃn,отпуск,We went to Italy on <b>vacation</b>.,A1,Отдых и природа,Oxford
vegetable,n.,ˈvedʒtəbl,овощ,Eat fresh <b>vegetables</b> every day.,A1,Еда и напитки,Oxford
very,adv.,ˈveri,очень,Thank you <b>very</b> much.,A1,Описание,Oxford
video,n.,ˈvɪdiəʊ,видео,Watch this short <b>video</b>.,A1,Развлечения,Oxford
village,n.,ˈvɪlɪdʒ,"деревня, село",My grandparents live in a quiet <b>village</b>.,A1,Город и места,Oxford
visit,v.,ˈvɪzɪt,посещать,I want to <b>visit</b> Paris.,A1,Путешествия,Oxford
visit,n.,ˈvɪzɪt,визит,Thanks for your <b>visit</b>.,A1,Общение,Oxford
visitor,n.,ˈvɪzɪtə(r),посетитель,We have a <b>visitor</b> today.,A1,Люди,Oxford
wait,v.,weɪt,ждать,Please <b>wait</b> here for a minute.,A1,Действия,Oxford
waiter,n.,ˈweɪtə(r),официант,The <b>waiter</b> brought our coffee.,A1,Профессии,Oxford
wake,v.,weɪk,просыпаться,I <b>wake</b> up early every morning.,A1,Действия,Oxford
walk,v.,wɔːk,"гулять, ходить пешком",I <b>walk</b> to school daily.,A1,Перемещение,Oxford
walk,n.,wɔːk,прогулка,Let's go for a <b>walk</b>.,A1,Отдых и природа,Oxford
wall,n.,wɔːl,стена,Hang the picture on the <b>wall</b>.,A1,Дом и быт,Oxford
want,v.,wɒnt,хотеть,I <b>want</b> a glass of water.,A1,Чувства,Oxford
warm,adj.,wɔːm,тёплый,The weather is <b>warm</b> today.,A1,Погода,Oxford
wash,v.,wɒʃ,мыть,<b>Wash</b> your hands with soap.,A1,Дом и быт,Oxford
watch,v.,wɒtʃ,"смотреть, наблюдать",Let's <b>watch</b> a movie.,A1,Развлечения,Oxford
watch,n.,wɒtʃ,наручные часы,Look at your <b>watch</b> for time.,A1,Вещи,Oxford
water,n.,ˈwɔːtə(r),вода,Drink plenty of fresh <b>water</b>.,A1,Еда и напитки,Oxford
way,n.,weɪ,"путь, способ",Which <b>way</b> leads to the park?,A1,Положение,Oxford
we,pron.,wiː,мы,<b>We</b> live in a big city.,A1,Люди,Oxford
wear,v.,weə(r),носить (одежду),She <b>wears</b> a red dress.,A1,Одежда,Oxford
weather,n.,ˈweðə(r),погода,The <b>weather</b> is nice today.,A1,Погода,Oxford
website,n.,ˈwebsaɪt,веб-сайт,Visit our <b>website</b> for details.,A1,Технологии,Oxford
Wednesday,n.,ˈwenzdeɪ,среда,We meet on <b>Wednesday</b>.,A1,Время,Oxford
week,n.,wiːk,неделя,There are seven days in a <b>week</b>.,A1,Время,Oxford
weekend,n.,ˌwiːkˈend,выходные,Have a great <b>weekend</b>!,A1,Время,Oxford
welcome,excl.,ˈwelkəm,добро пожаловать,<b>Welcome</b> to our home!,A1,Общение,Oxford
welcome,adj.,ˈwelkəm,желанный,You are <b>welcome</b> here.,A1,Общение,Oxford
well,adv.,wel,хорошо,She speaks English <b>well</b>.,A1,Описание,Oxford
well,excl.,wel,ну,"<b>Well</b>, let's start the lesson.",A1,Общение,Oxford
west,n.,west,запад,The sun sets in the <b>west</b>.,A1,География,Oxford
wet,adj.,wet,мокрый,My shoes are completely <b>wet</b>.,A1,Описание,Oxford
what,pron.,wɒt,что,<b>What</b> is your name?,A1,Общение,Oxford
when,adv.,wen,когда,<b>When</b> does the train arrive?,A1,Время,Oxford
where,adv.,weə(r),где,<b>Where</b> do you live?,A1,Положение,Oxford
which,det.,wɪtʃ,который,<b>Which</b> dress do you prefer?,A1,Общение,Oxford
white,adj.,waɪt,белый,She wears a <b>white</b> shirt.,A1,Описание,Oxford
white,n.,waɪt,белый цвет,<b>White</b> goes well with everything.,A1,Описание,Oxford
who,pron.,huː,кто,<b>Who</b> is that tall man?,A1,Люди,Oxford
why,adv.,waɪ,почему,<b>Why</b> are you late today?,A1,Общение,Oxford
wife,n.,waɪf,жена,His <b>wife</b> is a doctor.,A1,Семья,Oxford
will,modal v.,wɪl,вспом. глагол буд. времени,I <b>will</b> call you tomorrow.,A1,Действия,Oxford
win,v.,wɪn,побеждать,They want to <b>win</b> the match.,A1,Спорт,Oxford
window,n.,ˈwɪndəʊ,окно,"Open the <b>window</b>, please.",A1,Дом и быт,Oxford
wine,n.,waɪn,вино,He drank a glass of red <b>wine</b>.,A1,Еда и напитки,Oxford
winter,n.,ˈwɪntə(r),зима,It snows a lot in <b>winter</b>.,A1,Время,Oxford
woman,n.,ˈwʊmən,женщина,The <b>woman</b> is reading a book.,A1,Люди,Oxford
wonderful,adj.,ˈwʌndəfl,чудесный,We had a <b>wonderful</b> trip.,A1,Описание,Oxford
word,n.,wɜːd,слово,Learn five new <b>words</b> daily.,A1,Учеба,Oxford
work,v.,wɜːk,работать,I <b>work</b> in a big office.,A1,Работа,Oxford
work,n.,wɜːk,работа,He leaves <b>work</b> at five.,A1,Работа,Oxford
worker,n.,ˈwɜːkə(r),рабочий,Every <b>worker</b> gets a lunch break.,A1,Профессии,Oxford
world,n.,wɜːld,мир,Travel around the <b>world</b>.,A1,География,Oxford
would,modal v.,wʊd,бы (сослагательное наклонение),I <b>would</b> like a cup of tea.,A1,Общение,Oxford
write,v.,raɪt,писать,<b>Write</b> your name on paper.,A1,Учеба,Oxford
writer,n.,ˈraɪtə(r),писатель,She is a famous children's <b>writer</b>.,A1,Профессии,Oxford
writing,n.,ˈraɪtɪŋ,"письмо, написание",His <b>writing</b> is clear.,A1,Учеба,Oxford
wrong,adj.,rɒŋ,"неправильный, неверный",That answer is <b>wrong</b>.,A1,Описание,Oxford
yeah,excl.,jeə,да,"<b>Yeah</b>, I agree with you.",A1,Общение,Oxford
year,n.,jɪə(r),год,There are twelve months in a <b>year</b>.,A1,Время,Oxford
yellow,adj.,ˈjeləʊ,желтый,The sun is <b>yellow</b>.,A1,Описание,Oxford
yellow,n.,ˈjeləʊ,желтый цвет,<b>Yellow</b> is a bright colour.,A1,Описание,Oxford
yes,excl.,jes,да,"<b>Yes</b>, I can help you.",A1,Общение,Oxford
yesterday,adv.,ˈjestədeɪ,вчера,I visited my friend <b>yesterday</b>.,A1,Время,Oxford
you,pron.,juː,"ты, вы",<b>You</b> are a great student.,A1,Люди,Oxford
young,adj.,jʌŋ,молодой,She is a <b>young</b> doctor.,A1,Описание,Oxford
your,det.,jɔː(r),"твой, ваш",Is this <b>your</b> bag?,A1,Люди,Oxford
yourself,pron.,jɔːˈself,"себя, сам",Take care of <b>yourself</b>.,A1,Люди,Oxford
rabbit,n.,ˈræbɪt,кролик,The <b>rabbit</b> is eating a carrot.,A1,Животные,Oxford
race,n.,reɪs,"гонка, состязание",He won the running <b>race</b>.,A1,Спорт,Oxford
race,v.,reɪs,соревноваться в скорости,They decided to <b>race</b> to the school.,A1,Спорт,Oxford
radio,n.,ˈreɪdiəʊ,радио,I listen to the news on the <b>radio</b>.,A1,Технологии,Oxford
railway,n.,ˈreɪlweɪ,железная дорога,The <b>railway</b> connects the two cities.,A1,Путешествия,Oxford
rain,n.,reɪn,дождь,The <b>rain</b> stopped an hour ago.,A1,Погода,Oxford
rain,v.,reɪn,идти (о дожде),It started to <b>rain</b> heavily.,A1,Погода,Oxford
read,v.,riːd,читать,I <b>read</b> books every night.,A1,Учеба,Oxford
reader,n.,ˈriːdə(r),читатель,She is an avid <b>reader</b> of fiction.,A1,Учеба,Oxford
reading,n.,ˈriːdɪŋ,чтение,<b>Reading</b> is my favourite hobby.,A1,Учеба,Oxford
ready,adj.,ˈredi,готовый,Are you <b>ready</b> to order?,A1,Описание,Oxford
real,adj.,rɪəl,"настоящий, реальный",Is this a <b>real</b> diamond?,A1,Описание,Oxford
really,adv.,ˈriːəli,"действительно, очень",I am <b>really</b> happy to help you.,A1,Общение,Oxford
reason,n.,ˈriːzn,причина,What is the <b>reason</b> for your visit?,A1,Общение,Oxford
receive,v.,rɪˈsiːv,получать,I <b>received</b> your letter yesterday.,A1,Общение,Oxford
red,adj.,red,красный,She wears a <b>red</b> dress.,A1,Описание,Oxford
red,n.,red,красный цвет,<b>Red</b> is my favourite colour.,A1,Описание,Oxford
relax,v.,rɪˈlæks,расслабляться,I like to <b>relax</b> on weekends.,A1,Отдых и природа,Oxford
remember,v.,rɪˈmembə(r),"помнить, вспоминать",I <b>remember</b> my first day at school.,A1,Действия,Oxford
repeat,v.,rɪˈpiːt,повторять,"Could you <b>repeat</b> that, please?",A1,Общение,Oxford
report,n.,rɪˈpɔːt,"отчет, доклад",He is writing a business <b>report</b>.,A1,Работа,Oxford
restaurant,n.,ˈrestrɒnt,ресторан,We had dinner at an Italian <b>restaurant</b>.,A1,Еда и напитки,Oxford
result,n.,rɪˈzʌlt,результат,The <b>result</b> of the test was good.,A1,Учеба,Oxford
return,v.,rɪˈtɜːn,"возвращаться, возвращать",When will you <b>return</b> home?,A1,Перемещение,Oxford
return,n.,rɪˈtɜːn,возвращение,I bought a <b>return</b> ticket.,A1,Путешествия,Oxford
rice,n.,raɪs,рис,We ate chicken with <b>rice</b>.,A1,Еда и напитки,Oxford
rich,adj.,rɪtʃ,богатый,He is a very <b>rich</b> man.,A1,Описание,Oxford
ride,v.,raɪd,"ехать верхом, на велосипеде",Can you <b>ride</b> a bicycle?,A1,Перемещение,Oxford
ride,n.,raɪd,поездка,Thank you for the car <b>ride</b>.,A1,Путешествия,Oxford
right,adj.,raɪt,"правый, верный",Turn <b>right</b> at the corner.,A1,Положение,Oxford
right,adv.,raɪt,прямо,Go <b>right</b> ahead.,A1,Положение,Oxford
right,n.,raɪt,"право, правота",You have the <b>right</b> to remain silent.,A1,Общее,Oxford
river,n.,ˈrɪvə(r),река,They went swimming in the <b>river</b>.,A1,Природа,Oxford
road,n.,rəʊd,дорога,Cross the <b>road</b> carefully.,A1,Город и места,Oxford
room,n.,ruːm,комната,My <b>room</b> is on the second floor.,A1,Дом и быт,Oxford
routine,n.,ruːˈtiːn,"рутина, режим",My daily <b>routine</b> starts at seven.,A1,Время,Oxford
rule,n.,ruːl,правило,You must follow the school <b>rules</b>.,A1,Учеба,Oxford
run,v.,rʌn,бегать,Dogs love to <b>run</b> in the park.,A1,Спорт,Oxford
runner,n.,ˈrʌnə(r),бегун,He is a fast <b>runner</b>.,A1,Спорт,Oxford
running,n.,ˈrʌnɪŋ,бег,<b>Running</b> is good for your health.,A1,Спорт,Oxford
sad,adj.,sæd,грустный,Why do you look so <b>sad</b>?,A1,Чувства,Oxford
salad,n.,ˈsæləd,салат,I ordered a fresh green <b>salad</b>.,A1,Еда и напитки,Oxford
salt,n.,sɔːlt,соль,"Pass me the <b>salt</b>, please.",A1,Еда и напитки,Oxford
same,adj.,seɪm,тот же,We go to the <b>same</b> school.,A1,Описание,Oxford
sandwich,n.,ˈsænwɪdʒ,бутерброд,I had a ham <b>sandwich</b> for lunch.,A1,Еда и напитки,Oxford
Saturday,n.,ˈsætədeɪ,суббота,See you on <b>Saturday</b> morning.,A1,Время,Oxford
sauce,n.,sɔːs,соус,Add some tomato <b>sauce</b> to pasta.,A1,Еда и напитки,Oxford
save,v.,seɪv,"копить, экономить",I want to <b>save</b> money for a trip.,A1,Действия,Oxford
say,v.,seɪ,говорить,What did you <b>say</b>?,A1,Общение,Oxford
school,n.,skuːl,школа,Children go to <b>school</b> every day.,A1,Учеба,Oxford
science,n.,ˈsaɪəns,наука,She loves biology and computer <b>science</b>.,A1,Учеба,Oxford
scientist,n.,ˈsaɪəntɪst,ученый,Albert Einstein was a great <b>scientist</b>.,A1,Профессии,Oxford
sea,n.,siː,море,We swam in the <b>sea</b> all afternoon.,A1,Природа,Oxford
second,num.,ˈsekənd,второй,This is my <b>second</b> cup of tea.,A1,Числа,Oxford
second,n.,ˈsekənd,секунда,"Wait a <b>second</b>, please.",A1,Время,Oxford
section,n.,ˈsekʃn,секция,Look in the sports <b>section</b>.,A1,Общее,Oxford
see,v.,siː,видеть,I can <b>see</b> the mountains from here.,A1,Действия,Oxford
sell,v.,sel,продавать,They <b>sell</b> fresh fruit at the market.,A1,Покупки,Oxford
send,v.,send,отправлять,I will <b>send</b> you an email.,A1,Общение,Oxford
sentence,n.,ˈsentəns,предложение,Write a full <b>sentence</b> in English.,A1,Учеба,Oxford
September,n.,sepˈtembə(r),сентябрь,School begins in <b>September</b>.,A1,Время,Oxford
seven,num.,ˈsevn,семь,There are <b>seven</b> days in a week.,A1,Числа,Oxford
seventeen,num.,ˌsevnˈtiːn,семнадцать,She is <b>seventeen</b> years old.,A1,Числа,Oxford
seventy,num.,ˈsevnti,семьдесят,My grandmother is <b>seventy</b>.,A1,Числа,Oxford
share,v.,ʃeə(r),делиться,Children should <b>share</b> their toys.,A1,Общение,Oxford
she,pron.,ʃiː,она,<b>She</b> is a very talented artist.,A1,Люди,Oxford
sheep,n.,ʃiːp,овца,There are white <b>sheep</b> in the field.,A1,Животные,Oxford
shirt,n.,ʃɜːt,рубашка,He wore a clean white <b>shirt</b>.,A1,Одежда,Oxford
shoe,n.,ʃuː,"туфля, ботинок",Put on your <b>shoes</b> before going out.,A1,Одежда,Oxford
shop,n.,ʃɒp,магазин,Let's go to the grocery <b>shop</b>.,A1,Покупки,Oxford
shop,v.,ʃɒp,делать покупки,I like to <b>shop</b> for clothes online.,A1,Покупки,Oxford
shopping,n.,ˈʃɒpɪŋ,покупки,We went <b>shopping</b> at the mall.,A1,Покупки,Oxford
short,adj.,ʃɔːt,"короткий, низкий",He has <b>short</b> dark hair.,A1,Описание,Oxford
should,modal v.,ʃəd,следует,You <b>should</b> see a doctor.,A1,Действия,Oxford
show,v.,ʃəʊ,показывать,Can you <b>show</b> me the way?,A1,Общение,Oxford
show,n.,ʃəʊ,шоу,We watched a television <b>show</b>.,A1,Развлечения,Oxford
shower,n.,ˈʃaʊə(r),душ,I take a cold <b>shower</b> every morning.,A1,Дом и быт,Oxford
sick,adj.,sɪk,больной,Stay in bed if you feel <b>sick</b>.,A1,Здоровье,Oxford
side,n.,saɪd,сторона,Sign your name on this <b>side</b>.,A1,Положение,Oxford
similar,adj.,ˈsɪmələ(r),похожий,Our opinions are very <b>similar</b>.,A1,Описание,Oxford
sing,v.,sɪŋ,петь,She loves to <b>sing</b> in the choir.,A1,Развлечения,Oxford
singer,n.,ˈsɪŋə(r),певец,He is a world-famous <b>singer</b>.,A1,Профессии,Oxford
sister,n.,ˈsɪstə(r),сестра,My <b>sister</b> is younger than me.,A1,Семья,Oxford
sit,v.,sɪt,сидеть,Please <b>sit</b> down on this chair.,A1,Действия,Oxford
situation,n.,ˌsɪtʃuˈeɪʃn,ситуация,It was a difficult <b>situation</b>.,A1,Общее,Oxford
six,num.,sɪks,шесть,I have <b>six</b> pencils in my bag.,A1,Числа,Oxford
sixteen,num.,ˌsɪksˈtiːn,шестнадцать,He turned <b>sixteen</b> last week.,A1,Числа,Oxford
sixty,num.,ˈsɪksti,шестьдесят,There are <b>sixty</b> minutes in an hour.,A1,Числа,Oxford
skill,n.,skɪl,навык,Learning a new language is a useful <b>skill</b>.,A1,Учеба,Oxford
skirt,n.,skɜːt,юбка,She wore a long blue <b>skirt</b>.,A1,Одежда,Oxford
sky,n.,skaɪ,небо,The sun is shining in the blue <b>sky</b>.,A1,Природа,Oxford
sleep,v.,sliːp,спать,I usually <b>sleep</b> eight hours.,A1,Действия,Oxford
sleep,n.,sliːp,сон,I need a good night's <b>sleep</b>.,A1,Здоровье,Oxford
slow,adj.,sləʊ,медленный,Turtles are very <b>slow</b> animals.,A1,Описание,Oxford
slowly,adv.,ˈsləʊli,медленно,Please speak more <b>slowly</b>.,A1,Действия,Oxford
small,adj.,smɔːl,маленький,They live in a <b>small</b> apartment.,A1,Описание,Oxford
snake,n.,sneɪk,змея,"Be careful, there is a <b>snake</b> in the grass.",A1,Животные,Oxford
snow,n.,snəʊ,снег,The ground was covered with white <b>snow</b>.,A1,Погода,Oxford
snow,v.,snəʊ,идти (о снеге),It began to <b>snow</b> in December.,A1,Погода,Oxford
so,adv.,səʊ,так,I am <b>so</b> glad to hear that.,A1,Общение,Oxford
soap,n.,səʊp,мыло,Wash your hands with <b>soap</b>.,A1,Дом и быт,Oxford
sock,n.,sɒk,носок,I am missing one warm <b>sock</b>.,A1,Одежда,Oxford
soft,adj.,sɒft,мягкий,This pillow is very <b>soft</b>.,A1,Описание,Oxford
some,det.,səm,"некоторые, немного",Would you like <b>some</b> water?,A1,Описание,Oxford
somebody,pron.,ˈsʌmbədi,кто-то,<b>Somebody</b> is knocking at the door.,A1,Люди,Oxford
someone,pron.,ˈsʌmwʌn,кто-то,There is <b>someone</b> waiting outside.,A1,Люди,Oxford
something,pron.,ˈsʌmθɪŋ,что-то,I have <b>something</b> important to tell you.,A1,Вещи,Oxford
sometimes,adv.,ˈsʌmtaɪmz,иногда,I <b>sometimes</b> walk to work.,A1,Время,Oxford
son,n.,sʌn,сын,Their <b>son</b> is studying at university.,A1,Семья,Oxford
song,n.,sɒŋ,песня,I really like this pop <b>song</b>.,A1,Развлечения,Oxford
soon,adv.,suːn,скоро,See you <b>soon</b>!,A1,Время,Oxford
sorry,adj.,ˈsɒri,сожалеющий,I am <b>sorry</b> for being late.,A1,Общение,Oxford
sound,n.,saʊnd,звук,Did you hear that strange <b>sound</b>?,A1,Описание,Oxford
sound,v.,saʊnd,звучать,That plan <b>sounds</b> great!,A1,Общение,Oxford
soup,n.,suːp,суп,I made chicken <b>soup</b> for lunch.,A1,Еда и напитки,Oxford
south,n.,saʊθ,юг,Birds fly to the <b>south</b> in winter.,A1,География,Oxford
space,n.,speɪs,"пространство, космос",Astronauts travel into outer <b>space</b>.,A1,Природа,Oxford
speak,v.,spiːk,говорить,Do you <b>speak</b> English?,A1,Общение,Oxford
speaker,n.,ˈspiːkə(r),динамик,Connect the phone to the bluetooth <b>speaker</b>.,A1,Технологии,Oxford
special,adj.,ˈspeʃl,особенный,Today is a very <b>special</b> day.,A1,Описание,Oxford
spell,v.,spel,писать по буквам,How do you <b>spell</b> your name?,A1,Учеба,Oxford
spelling,n.,ˈspelɪŋ,правописание,Check your text for <b>spelling</b> mistakes.,A1,Учеба,Oxford
spend,v.,spend,"тратить, проводить",I want to <b>spend</b> time with my family.,A1,Действия,Oxford
sport,n.,spɔːt,спорт,Football is my favorite <b>sport</b>.,A1,Спорт,Oxford
spring,n.,sprɪŋ,весна,Flowers bloom in the <b>spring</b>.,A1,Время,Oxford
stand,v.,stænd,стоять,Please <b>stand</b> up when the teacher enters.,A1,Действия,Oxford
star,n.,stɑː(r),звезда,Look at the bright <b>stars</b> in the sky.,A1,Природа,Oxford
start,v.,stɑːt,"начинать, стартовать",The movie will <b>start</b> at eight.,A1,Действия,Oxford
statement,n.,ˈsteɪtmənt,заявление,Read the <b>statement</b> carefully.,A1,Общение,Oxford
station,n.,ˈsteɪʃn,"станция, вокзал",The train arrives at the <b>station</b>.,A1,Путешествия,Oxford
stay,v.,steɪ,оставаться,We decided to <b>stay</b> at home.,A1,Действия,Oxford
still,adv.,stɪl,все еще,He is <b>still</b> sleeping.,A1,Время,Oxford
stop,v.,stɒp,останавливать,Please <b>stop</b> making noise.,A1,Действия,Oxford
stop,n.,stɒp,остановка,Get off at the next bus <b>stop</b>.,A1,Путешествия,Oxford
story,n.,ˈstɔːri,"история, рассказ",Grandmother told us a fairy <b>story</b>.,A1,Развлечения,Oxford
street,n.,striːt,улица,They live on a quiet <b>street</b>.,A1,Город и места,Oxford
strong,adj.,strɒŋ,сильный,He is <b>strong</b> enough to lift this box.,A1,Описание,Oxford
student,n.,ˈstjuːdnt,студент,She is a first-year <b>student</b>.,A1,Учеба,Oxford
study,v.,ˈstʌdi,учиться,I <b>study</b> English every day.,A1,Учеба,Oxford
study,n.,ˈstʌdi,учеба,His <b>studies</b> take up most of his time.,A1,Учеба,Oxford
style,n.,staɪl,стиль,She has a unique <b>style</b> of clothing.,A1,Описание,Oxford
subject,n.,ˈsʌbdʒɪkt,предмет,Math is my favorite school <b>subject</b>.,A1,Учеба,Oxford
success,n.,səkˈses,успех,Hard work leads to <b>success</b>.,A1,Общее,Oxford
sugar,n.,ˈʃʊɡə(r),сахар,Do you take <b>sugar</b> in your tea?,A1,Еда и напитки,Oxford
summer,n.,ˈsʌmə(r),лето,We go to the beach in <b>summer</b>.,A1,Время,Oxford
sun,n.,sʌn,солнце,The <b>sun</b> is shining brightly today.,A1,Природа,Oxford
Sunday,n.,ˈsʌndeɪ,воскресенье,We relax on <b>Sunday</b>.,A1,Время,Oxford
supermarket,n.,ˈsuːpəmɑːkɪt,супермаркет,Buy some milk at the <b>supermarket</b>.,A1,Покупки,Oxford
sure,adj.,ʃʊə(r),уверенный,Are you <b>sure</b> about this?,A1,Общение,Oxford
sweater,n.,ˈswetə(r),свитер,Put on a warm <b>sweater</b>.,A1,Одежда,Oxford
sweet,adj.,swiːt,сладкий,This cake is very <b>sweet</b>.,A1,Еда и напитки,Oxford
sweet,n.,swiːt,конфета,Children love eating <b>sweets</b>.,A1,Еда и напитки,Oxford
swim,v.,swɪm,плавать,I like to <b>swim</b> in the pool.,A1,Спорт,Oxford
swimming,n.,ˈswɪmɪŋ,плавание,<b>Swimming</b> is my favorite exercise.,A1,Спорт,Oxford
table,n.,ˈteɪbl,стол,Put the dishes on the <b>table</b>.,A1,Дом и быт,Oxford
page,n.,peɪdʒ,страница,Open your book at <b>page</b> ten.,A1,Учеба,Oxford
paint,v.,peɪnt,рисовать красками,I want to <b>paint</b> this wall white.,A1,Развлечения,Oxford
paint,n.,peɪnt,краска,The <b>paint</b> is still wet.,A1,Развлечения,Oxford
painting,n.,ˈpeɪntɪŋ,"картина, живопись",There is a beautiful <b>painting</b> on the wall.,A1,Развлечения,Oxford
pair,n.,peə(r),пара,I bought a new <b>pair</b> of shoes.,A1,Покупки,Oxford
paper,n.,ˈpeɪpə(r),бумага,Write your name on a sheet of <b>paper</b>.,A1,Учеба,Oxford
paragraph,n.,ˈpærəɡrɑːf,абзац,Read the first <b>paragraph</b> aloud.,A1,Учеба,Oxford
parent,n.,ˈpeərənt,родитель,My <b>parents</b> live in London.,A1,Семья,Oxford
park,n.,pɑːk,парк,We went for a walk in the <b>park</b>.,A1,Город и места,Oxford
park,v.,pɑːk,парковать,You cannot <b>park</b> your car here.,A1,Перемещение,Oxford
part,n.,pɑːt,часть,This is the most interesting <b>part</b> of the film.,A1,Общее,Oxford
partner,n.,ˈpɑːtnə(r),партнер,Work with a <b>partner</b> on this task.,A1,Учеба,Oxford
party,n.,ˈpɑːti,вечеринка,Welcome to my birthday <b>party</b>!,A1,Развлечения,Oxford
passport,n.,ˈpɑːspɔːt,паспорт,Don't forget to take your <b>passport</b>.,A1,Путешествия,Oxford
past,adj.,pɑːst,прошлый,"In the <b>past</b> year, I learned a lot.",A1,Время,Oxford
path,n.,pɑːθ,"тропинка, путь",Follow the <b>path</b> through the forest.,A1,Природа,Oxford
pay,v.,peɪ,платить,You can <b>pay</b> by credit card.,A1,Покупки,Oxford
pen,n.,pen,ручка,Can I borrow your <b>pen</b>?,A1,Учеба,Oxford
pencil,n.,ˈpensl,карандаш,Draw a circle with a <b>pencil</b>.,A1,Учеба,Oxford
people,n.,ˈpiːpl,люди,There were many <b>people</b> at the concert.,A1,Люди,Oxford
pepper,n.,ˈpepə(r),перец,Add some salt and <b>pepper</b>.,A1,Еда и напитки,Oxford
perfect,adj.,ˈpɜːfɪkt,идеальный,It was a <b>perfect</b> day.,A1,Описание,Oxford
period,n.,ˈpɪəriəd,"период, время",They stayed for a short <b>period</b> of time.,A1,Время,Oxford
person,n.,ˈpɜːsn,человек,She is a very kind <b>person</b>.,A1,Люди,Oxford
pet,n.,pet,"питомец, домашнее животное",Do you have a <b>pet</b> at home?,A1,Животные,Oxford
phone,n.,fəʊn,телефон,My <b>phone</b> is ringing.,A1,Технологии,Oxford
phone,v.,fəʊn,звонить,I will <b>phone</b> you tonight.,A1,Общение,Oxford
photo,n.,ˈfəʊtəʊ,фотография,Take a <b>photo</b> of this view.,A1,Развлечения,Oxford
photograph,n.,ˈfəʊtəɡrɑːf,фотография,This old <b>photograph</b> is very precious.,A1,Развлечения,Oxford
phrase,n.,freɪz,"фраза, выражение",Repeat this <b>phrase</b> after me.,A1,Учеба,Oxford
piano,n.,piˈænəʊ,пианино,She plays the <b>piano</b> very well.,A1,Развлечения,Oxford
picture,n.,ˈpɪktʃə(r),картинка,Look at the <b>picture</b> on the wall.,A1,Развлечения,Oxford
piece,n.,piːs,"кусок, часть",Would you like a <b>piece</b> of cake?,A1,Еда и напитки,Oxford
pig,n.,pɪɡ,свинья,The <b>pig</b> is sleeping in the mud.,A1,Животные,Oxford
pink,adj.,pɪŋk,розовый,She wore a light <b>pink</b> dress.,A1,Описание,Oxford
pink,n.,pɪŋk,розовый цвет,Her favourite colour is <b>pink</b>.,A1,Описание,Oxford
place,n.,pleɪs,место,This is a nice <b>place</b> for a picnic.,A1,Город и места,Oxford
plan,n.,plæn,план,What is your <b>plan</b> for the weekend?,A1,Действия,Oxford
plan,v.,plæn,планировать,We <b>plan</b> to visit Paris in summer.,A1,Действия,Oxford
plane,n.,pleɪn,самолет,The <b>plane</b> will land in twenty minutes.,A1,Путешествия,Oxford
plant,n.,plɑːnt,растение,Water the <b>plant</b> every morning.,A1,Природа,Oxford
plant,v.,plɑːnt,сажать,We want to <b>plant</b> some trees.,A1,Природа,Oxford
plastic,n.,ˈplæstɪk,пластик,The bottle is made of <b>plastic</b>.,A1,Вещи,Oxford
plastic,adj.,ˈplæstɪk,пластиковый,Use a <b>plastic</b> spoon.,A1,Описание,Oxford
plate,n.,pleɪt,тарелка,Put the cake on a <b>plate</b>.,A1,Еда и напитки,Oxford
platform,n.,ˈplætfɔːm,"платформа, перрон",The train arrives at <b>platform</b> three.,A1,Путешествия,Oxford
play,v.,pleɪ,играть,Children love to <b>play</b> games.,A1,Развлечения,Oxford
play,n.,pleɪ,спектакль,We watched a <b>play</b> at the theatre.,A1,Развлечения,Oxford
player,n.,ˈpleɪə(r),игрок,He is a famous football <b>player</b>.,A1,Спорт,Oxford
pleasant,adj.,ˈpleznt,приятный,We had a <b>pleasant</b> evening together.,A1,Описание,Oxford
please,excl.,pliːz,пожалуйста,"Pass me the salt, <b>please</b>.",A1,Общение,Oxford
point,n.,pɔɪnt,"суть, мысль",He made an important <b>point</b>.,A1,Общение,Oxford
police,n.,pəˈliːs,полиция,Call the <b>police</b> immediately!,A1,Профессии,Oxford
policeman,n.,pəˈliːsmən,полицейский,The <b>policeman</b> stopped the car.,A1,Профессии,Oxford
police officer,n.,pəˈliːs ɒfɪsə(r),офицер полиции,The <b>police officer</b> asked for my ID.,A1,Профессии,Oxford
pool,n.,puːl,бассейн,Let's go swimming in the <b>pool</b>.,A1,Спорт,Oxford
poor,adj.,pʊə(r),бедный,He comes from a <b>poor</b> family.,A1,Описание,Oxford
popular,adj.,ˈpɒpjələ(r),популярный,Football is a very <b>popular</b> sport.,A1,Описание,Oxford
pork,n.,pɔːk,свинина,We had roasted <b>pork</b> for dinner.,A1,Еда и напитки,Oxford
possible,adj.,ˈpɒsəbl,возможный,It is <b>possible</b> to finish this today.,A1,Описание,Oxford
possibly,adv.,ˈpɒsəbli,возможно,I will <b>possibly</b> come to the party.,A1,Общение,Oxford
post,n.,pəʊst,почта,I received your letter in the <b>post</b>.,A1,Общение,Oxford
post,v.,pəʊst,отправлять по почте,Don't forget to <b>post</b> this letter.,A1,Общение,Oxford
poster,n.,ˈpəʊstə(r),плакат,He has a <b>poster</b> on his wall.,A1,Дом и быт,Oxford
post office,n.,ˈpəʊst ɒfɪs,почтовое отделение,Where is the nearest <b>post office</b>?,A1,Город и места,Oxford
potato,n.,pəˈteɪtəʊ,картофелина,She boiled a <b>potato</b> for dinner.,A1,Еда и напитки,Oxford
pound,n.,paʊnd,фунт,This shirt costs twenty <b>pounds</b>.,A1,Покупки,Oxford
practice,n.,ˈpræktɪs,"практика, тренировка",You need more <b>practice</b> to speak well.,A1,Учеба,Oxford
practise,v.,ˈpræktɪs,практиковаться,I <b>practise</b> playing the piano daily.,A1,Учеба,Oxford
prefer,v.,prɪˈfɜː(r),предпочитать,I <b>prefer</b> tea to coffee.,A1,Чувства,Oxford
prepare,v.,prɪˈpeə(r),готовить,She will <b>prepare</b> breakfast for us.,A1,Действия,Oxford
present,n.,ˈpreznt,подарок,Thank you for the birthday <b>present</b>.,A1,Праздники,Oxford
present,adj.,ˈpreznt,настоящий,Focus on the <b>present</b> moment.,A1,Время,Oxford
pretty,adj.,ˈprɪti,симпатичный,She wears a <b>pretty</b> dress.,A1,Описание,Oxford
pretty,adv.,ˈprɪti,довольно,The exam was <b>pretty</b> easy.,A1,Описание,Oxford
price,n.,praɪs,цена,What is the <b>price</b> of this bag?,A1,Покупки,Oxford
printer,n.,ˈprɪntə(r),принтер,The <b>printer</b> is out of paper.,A1,Технологии,Oxford
problem,n.,ˈprɒbləm,проблема,Can you help me with this <b>problem</b>?,A1,Общее,Oxford
programme,n.,ˈprəʊɡræm,программа,I watched an interesting TV <b>programme</b>.,A1,Развлечения,Oxford
project,n.,ˈprɒdʒekt,проект,We are working on a new <b>project</b>.,A1,Учеба,Oxford
pull,v.,pʊl,тянуть,<b>Pull</b> the door to open it.,A1,Действия,Oxford
puppy,n.,ˈpʌpi,щенок,The little <b>puppy</b> is playing.,A1,Животные,Oxford
purple,adj.,ˈpɜːpl,фиолетовый,She chose a <b>purple</b> notebook.,A1,Описание,Oxford
purple,n.,ˈpɜːpl,фиолетовый цвет,<b>Purple</b> is her favourite colour.,A1,Описание,Oxford
push,v.,pʊʃ,толкать,<b>Push</b> the button to call the lift.,A1,Действия,Oxford
put,v.,pʊt,"класть, ставить",Please <b>put</b> the books on the desk.,A1,Действия,Oxford
quarter,n.,ˈkwɔːtə(r),четверть,It is a <b>quarter</b> past three.,A1,Время,Oxford
question,n.,ˈkwestʃən,вопрос,I have a <b>question</b> for you.,A1,Общение,Oxford
quick,adj.,kwɪk,быстрый,Let's have a <b>quick</b> snack.,A1,Описание,Oxford
quickly,adv.,ˈkwɪkli,быстро,"Walk <b>quickly</b>, we are late.",A1,Действия,Oxford
quiet,adj.,ˈkwaɪət,тихий,Please be <b>quiet</b> in the library.,A1,Описание,Oxford
quite,adv.,kwaɪt,"достаточно, вполне",The water is <b>quite</b> warm today.,A1,Описание,Oxford
name,n.,neɪm,имя,My <b>name</b> is Anna.,A1,Люди,Oxford
name,v.,neɪm,называть,They <b>named</b> their daughter Lily.,A1,Общение,Oxford
natural,adj.,ˈnætʃrəl,"естественный, природный",Water is a <b>natural</b> resource.,A1,Природа,Oxford
near,prep.,nɪə(r),около,My school is <b>near</b> the park.,A1,Положение,Oxford
need,v.,niːd,нуждаться,I <b>need</b> some help.,A1,Действия,Oxford
neighbor,n.,ˈneɪbə(r),сосед,My <b>neighbor</b> is very friendly.,A1,Люди,Oxford
never,adv.,ˈnevə(r),никогда,I <b>never</b> eat meat.,A1,Время,Oxford
new,adj.,njuː,новый,I bought a <b>new</b> phone.,A1,Описание,Oxford
news,n.,njuːz,новости,I watch the <b>news</b> every evening.,A1,Информация,Oxford
newspaper,n.,ˈnjuːzpeɪpə(r),газета,He reads the <b>newspaper</b> in the morning.,A1,Информация,Oxford
next,adj.,nekst,следующий,The <b>next</b> bus is at five.,A1,Время,Oxford
next to,prep.,ˈnekst tu,рядом с,Sit <b>next to</b> me.,A1,Положение,Oxford
nice,adj.,naɪs,"приятный, хороший",Have a <b>nice</b> day!,A1,Описание,Oxford
night,n.,naɪt,ночь,"Good <b>night</b>, sleep well.",A1,Время,Oxford
nine,num.,naɪn,девять,I have <b>nine</b> books.,A1,Числа,Oxford
nineteen,num.,ˌnaɪnˈtiːn,девятнадцать,She is <b>nineteen</b> years old.,A1,Числа,Oxford
ninety,num.,ˈnaɪnti,девяносто,My grandfather is <b>ninety</b>.,A1,Числа,Oxford
no,excl.,nəʊ,нет,"<b>No</b>, thank you.",A1,Общение,Oxford
nobody,pron.,ˈnəʊbədi,никто,<b>Nobody</b> was at home.,A1,Люди,Oxford
noise,n.,nɔɪz,шум,What is that strange <b>noise</b>?,A1,Описание,Oxford
noodle,n.,ˈnuːdl,лапша,I love eating chicken <b>noodles</b>.,A1,Еда и напитки,Oxford
noon,n.,nuːn,полдень,We meet at <b>noon</b>.,A1,Время,Oxford
normal,adj.,ˈnɔːml,обычный,Everything is back to <b>normal</b>.,A1,Описание,Oxford
north,n.,nɔːθ,север,Birds fly <b>north</b> in spring.,A1,География,Oxford
nose,n.,nəʊz,нос,She has a small <b>nose</b>.,A1,Тело и здоровье,Oxford
not,adv.,nɒt,не,I am <b>not</b> tired.,A1,Общение,Oxford
note,n.,nəʊt,"заметка, записка",Write a short <b>note</b>.,A1,Учеба,Oxford
nothing,pron.,ˈnʌθɪŋ,ничего,There is <b>nothing</b> in the box.,A1,Вещи,Oxford
November,n.,nəʊˈvembə(r),ноябрь,My birthday is in <b>November</b>.,A1,Время,Oxford
now,adv.,naʊ,сейчас,We are studying <b>now</b>.,A1,Время,Oxford
number,n.,ˈnʌmbə(r),номер,What is your phone <b>number</b>?,A1,Числа,Oxford
nurse,n.,nɜːs,медсестра,The <b>nurse</b> helped the patient.,A1,Профессии,Oxford
object,n.,ˈɒbdʒɪkt,"предмет, объект",Identify the <b>object</b> in the picture.,A1,Вещи,Oxford
o'clock,adv.,əˈklɒk,часов,It is seven <b>o'clock</b>.,A1,Время,Oxford
October,n.,ɒkˈtəʊbə(r),октябрь,Halloween is in <b>October</b>.,A1,Время,Oxford
of,prep.,əv,"из, о","A cup <b>of</b> tea, please.",A1,Служебные слова,Oxford
off,adv.,ɒf,выключенный,Turn <b>off</b> the lights.,A1,Действия,Oxford
office,n.,ˈɒfɪs,офис,He works in a big <b>office</b>.,A1,Работа,Oxford
often,adv.,ˈɒfn,часто,I <b>often</b> play video games.,A1,Время,Oxford
oh,excl.,əʊ,о,"<b>Oh</b>, I see!",A1,Общение,Oxford
oil,n.,ɔɪl,масло,Add some olive <b>oil</b>.,A1,Еда и напитки,Oxford
OK,excl.,ˌəʊ ˈkeɪ,хорошо,"<b>OK</b>, see you later.",A1,Общение,Oxford
old,adj.,əʊld,старый,This is an <b>old</b> house.,A1,Описание,Oxford
on,prep.,ɒn,на,The book is <b>on</b> the table.,A1,Положение,Oxford
once,adv.,wʌns,один раз,I go swimming <b>once</b> a week.,A1,Время,Oxford
one,num.,wʌn,один,I have <b>one</b> cat.,A1,Числа,Oxford
onion,n.,ˈʌnjən,лук,Cut the <b>onion</b> carefully.,A1,Еда и напитки,Oxford
online,adj.,ˌɒnˈlaɪn,"онлайн, сетевой",I take <b>online</b> classes.,A1,Технологии,Oxford
only,adj.,ˈəʊnli,единственный,This is the <b>only</b> way.,A1,Описание,Oxford
open,adj.,ˈəʊpən,открытый,The door is <b>open</b>.,A1,Описание,Oxford
open,v.,ˈəʊpən,открывать,Please <b>open</b> the window.,A1,Действия,Oxford
opinion,n.,əˈpɪnjən,мнение,"In my <b>opinion</b>, this is correct.",A1,Общение,Oxford
opposite,adj.,ˈɒpəzɪt,"противоположный, напротив",They live on the <b>opposite</b> side.,A1,Положение,Oxford
or,conj.,ɔː(r),или,Tea <b>or</b> coffee?,A1,Служебные слова,Oxford
orange,n.,ˈɒrɪndʒ,апельсин,I want an <b>orange</b>.,A1,Еда и напитки,Oxford
orange,adj.,ˈɒrɪndʒ,оранжевый,She wears an <b>orange</b> dress.,A1,Описание,Oxford
order,n.,ˈɔːdə(r),заказ,May I take your <b>order</b>?,A1,Покупки,Oxford
order,v.,ˈɔːdə(r),заказывать,Let's <b>order</b> a pizza.,A1,Покупки,Oxford
other,adj.,ˈʌðə(r),другой,Where are the <b>other</b> students?,A1,Описание,Oxford
our,det.,ˈaʊə(r),наш,This is <b>our</b> house.,A1,Люди,Oxford
out,adv.,aʊt,снаружи,He walked <b>out</b> of the room.,A1,Перемещение,Oxford
outside,adv.,ˌaʊtˈsaɪd,на улице,Children are playing <b>outside</b>.,A1,Положение,Oxford
over,prep.,ˈəʊvə(r),над,The bird flew <b>over</b> the house.,A1,Положение,Oxford
own,adj.,əʊn,собственный,I have my <b>own</b> room.,A1,Описание,Oxford
lamp,n.,læmp,лампа,"Turn on the <b>lamp</b>, please.",A1,Дом и быт,Oxford
language,n.,ˈlæŋɡwɪdʒ,язык,English is a global <b>language</b>.,A1,Учеба,Oxford
large,adj.,lɑːdʒ,"большой, крупный",They live in a <b>large</b> house.,A1,Описание,Oxford
last,det.,lɑːst,последний,This is the <b>last</b> bus tonight.,A1,Время,Oxford
last,v.,lɑːst,длиться,The lesson will <b>last</b> one hour.,A1,Время,Oxford
late,adj.,leɪt,поздний,Sorry I am <b>late</b>.,A1,Время,Oxford
late,adv.,leɪt,поздно,He arrived <b>late</b> for work.,A1,Время,Oxford
later,adv.,ˈleɪtə(r),позже,See you <b>later</b>!,A1,Время,Oxford
laugh,v.,lɑːf,смеяться,They <b>laugh</b> at the joke.,A1,Чувства,Oxford
laugh,n.,lɑːf,смех,She has a loud <b>laugh</b>.,A1,Чувства,Oxford
learn,v.,lɜːn,учить,I want to <b>learn</b> English.,A1,Учеба,Oxford
leave,v.,liːv,"уходить, покидать",I <b>leave</b> home at eight.,A1,Перемещение,Oxford
left,adj.,left,левый,Turn to the <b>left</b> side.,A1,Положение,Oxford
left,adv.,left,налево,Turn <b>left</b> at the corner.,A1,Положение,Oxford
leg,n.,leɡ,нога,He broke his <b>leg</b>.,A1,Тело и здоровье,Oxford
lemon,n.,ˈlemən,лимон,I like tea with <b>lemon</b>.,A1,Еда и напитки,Oxford
lend,v.,lend,"одалживать, давать взаймы",Can you <b>lend</b> me a pen?,A1,Общение,Oxford
lesson,n.,ˈlesn,урок,The English <b>lesson</b> starts now.,A1,Учеба,Oxford
let,v.,let,позволять,Please <b>let</b> me help you.,A1,Действия,Oxford
letter,n.,ˈletə(r),письмо,I received a <b>letter</b> today.,A1,Общение,Oxford
letter,n.,ˈletə(r),буква,'A' is the first <b>letter</b> of the alphabet.,A1,Учеба,Oxford
library,n.,ˈlaɪbrəri,библиотека,I study in the <b>library</b>.,A1,Учеба,Oxford
lie,v.,laɪ,лежать,I want to <b>lie</b> on the grass.,A1,Действия,Oxford
lie,v.,laɪ,лгать,Don't <b>lie</b> to your friends.,A1,Общение,Oxford
lie,n.,laɪ,ложь,That story is a <b>lie</b>.,A1,Общение,Oxford
life,n.,laɪf,жизнь,<b>Life</b> is beautiful.,A1,Общее,Oxford
light,n.,laɪt,свет,Turn off the <b>light</b>.,A1,Дом и быт,Oxford
light,adj.,laɪt,лёгкий,She wears a <b>light</b> jacket.,A1,Описание,Oxford
light,adj.,laɪt,светлый,Her bedroom is <b>light</b> and sunny.,A1,Описание,Oxford
like,v.,laɪk,нравиться,I <b>like</b> ice cream.,A1,Чувства,Oxford
like,prep.,laɪk,"как, подобно",He swims <b>like</b> a fish.,A1,Описание,Oxford
line,n.,laɪn,линия,Draw a straight <b>line</b>.,A1,Описание,Oxford
lion,n.,ˈlaɪən,лев,The <b>lion</b> is the king of beasts.,A1,Животные,Oxford
lip,n.,lɪp,губа,She has red <b>lips</b>.,A1,Тело и здоровье,Oxford
list,n.,lɪst,список,Make a shopping <b>list</b>.,A1,Покупки,Oxford
listen,v.,ˈlɪsn,слушать,<b>Listen</b> to the music.,A1,Действия,Oxford
little,adj.,ˈlɪtl,маленький,A <b>little</b> girl is playing.,A1,Описание,Oxford
live,v.,lɪv,жить,They <b>live</b> in London.,A1,Дом и быт,Oxford
local,adj.,ˈləʊkl,местный,We bought food at the <b>local</b> market.,A1,Город и места,Oxford
long,adj.,lɒŋ,длинный,She has <b>long</b> hair.,A1,Описание,Oxford
look,v.,lʊk,"смотреть, выглядеть",<b>Look</b> at that picture.,A1,Действия,Oxford
look,n.,lʊk,взгляд,Take a <b>look</b> at this.,A1,Действия,Oxford
lose,v.,luːz,терять,Don't <b>lose</b> your key.,A1,Действия,Oxford
lot,pron.,lɒt,много,We have a <b>lot</b> of fun.,A1,Описание,Oxford
loud,adj.,laʊd,громкий,The music is too <b>loud</b>.,A1,Описание,Oxford
love,v.,lʌv,любить,I <b>love</b> my family.,A1,Чувства,Oxford
love,n.,lʌv,любовь,<b>Love</b> is everywhere.,A1,Чувства,Oxford
lunch,n.,lʌntʃ,обед,Let's eat <b>lunch</b> together.,A1,Еда и напитки,Oxford
machine,n.,məˈʃiːn,"машина, станок",This <b>machine</b> washes clothes.,A1,Технологии,Oxford
mad,adj.,mæd,"сумасшедший, безумный",He went <b>mad</b> with anger.,A1,Чувства,Oxford
magazine,n.,ˌmæɡəˈziːn,журнал,I read a fashion <b>magazine</b>.,A1,Развлечения,Oxford
make,v.,meɪk,"делать, создавать",She can <b>make</b> delicious cakes.,A1,Действия,Oxford
man,n.,mæn,мужчина,The <b>man</b> is walking his dog.,A1,Люди,Oxford
many,det.,ˈmeni,много,There are <b>many</b> books here.,A1,Описание,Oxford
map,n.,mæp,карта,Look at the <b>map</b> of the city.,A1,Путешествия,Oxford
March,n.,mɑːtʃ,март,Spring begins in <b>March</b>.,A1,Время,Oxford
market,n.,ˈmɑːkɪt,рынок,Buy fresh vegetables at the <b>market</b>.,A1,Покупки,Oxford
married,adj.,ˈmærid,"женатый, замужем",They are <b>married</b>.,A1,Семья,Oxford
match,n.,mætʃ,матч,We watched a football <b>match</b>.,A1,Спорт,Oxford
match,n.,mætʃ,спичка,He lit the candle with a <b>match</b>.,A1,Дом и быт,Oxford
matter,n.,ˈmætə(r),"дело, вопрос",What is the <b>matter</b>?,A1,Общение,Oxford
May,n.,meɪ,май,Flowers bloom in <b>May</b>.,A1,Время,Oxford
maybe,adv.,ˈmeɪbi,может быть,<b>Maybe</b> we can meet tomorrow.,A1,Общение,Oxford
me,pron.,miː,мне,"Give <b>me</b> the book, please.",A1,Люди,Oxford
meal,n.,miːl,"прием пищи, еда",Enjoy your <b>meal</b>!,A1,Еда и напитки,Oxford
mean,v.,miːn,"означать, иметь в виду",What does this word <b>mean</b>?,A1,Общение,Oxford
meaning,n.,ˈmiːnɪŋ,значение,Look up the <b>meaning</b> in a dictionary.,A1,Учеба,Oxford
meat,n.,miːt,мясо,I don't eat <b>meat</b>.,A1,Еда и напитки,Oxford
meet,v.,miːt,встречать,Nice to <b>meet</b> you.,A1,Общение,Oxford
meeting,n.,ˈmiːtɪŋ,встреча,I have a business <b>meeting</b>.,A1,Работа,Oxford
member,n.,ˈmembə(r),"участник, член (организации)",He is a <b>member</b> of our club.,A1,Люди,Oxford
menu,n.,ˈmenjuː,меню,"Can I see the <b>menu</b>, please?",A1,Еда и напитки,Oxford
message,n.,ˈmesɪdʒ,сообщение,Send me a text <b>message</b>.,A1,Общение,Oxford
meter,n.,ˈmiːtə(r),метр,It is two <b>meters</b> long.,A1,Описание,Oxford
midnight,n.,ˈmɪdnaɪt,полночь,They left at <b>midnight</b>.,A1,Время,Oxford
mile,n.,maɪl,миля,It is ten <b>miles</b> from here.,A1,География,Oxford
milk,n.,mɪlk,молоко,Drink a glass of <b>milk</b>.,A1,Еда и напитки,Oxford
million,num.,ˈmɪljən,миллион,A <b>million</b> people live here.,A1,Числа,Oxford
minute,n.,ˈmɪnɪt,минута,"Wait a <b>minute</b>, please.",A1,Время,Oxford
miss,v.,mɪs,скучать,I <b>miss</b> my family.,A1,Чувства,Oxford
miss,v.,mɪs,"опоздать, пропустить","Hurry up, or we will <b>miss</b> the bus!",A1,Транспорт,Oxford
mistake,n.,mɪˈsteɪk,ошибка,I made a small <b>mistake</b>.,A1,Учеба,Oxford
model,n.,ˈmɒdl,модель,She works as a fashion <b>model</b>.,A1,Профессии,Oxford
moment,n.,ˈməʊmənt,момент,"Just a <b>moment</b>, please.",A1,Время,Oxford
Monday,n.,ˈmʌndeɪ,понедельник,I go to work on <b>Monday</b>.,A1,Время,Oxford
money,n.,ˈmʌni,деньги,I need some <b>money</b>.,A1,Покупки,Oxford
monkey,n.,ˈmʌŋki,обезьяна,The <b>monkey</b> is eating a banana.,A1,Животные,Oxford
month,n.,mʌnθ,месяц,There are twelve <b>months</b> in a year.,A1,Время,Oxford
moon,n.,muːn,луна,The <b>moon</b> is shining bright.,A1,Природа,Oxford
more,det.,mɔː(r),больше,Would you like <b>more</b> tea?,A1,Описание,Oxford
morning,n.,ˈmɔːnɪŋ,утро,Good <b>morning</b>!,A1,Время,Oxford
mother,n.,ˈmʌðə(r),мать,My <b>mother</b> is a doctor.,A1,Семья,Oxford
mountain,n.,ˈmaʊntən,гора,They climbed the <b>mountain</b>.,A1,Природа,Oxford
mouse,n.,maʊs,мышь,The cat caught a <b>mouse</b>.,A1,Животные,Oxford
mouth,n.,maʊθ,рот,"Open your <b>mouth</b>, please.",A1,Тело и здоровье,Oxford
move,v.,muːv,"двигаться, переезжать",We <b>move</b> to a new house.,A1,Действия,Oxford
movie,n.,ˈmuːvi,фильм,Let's watch a <b>movie</b>.,A1,Развлечения,Oxford
much,det.,mʌtʃ,много,How <b>much</b> does it cost?,A1,Покупки,Oxford
mum,n.,mʌm,мама,I love my <b>mum</b>.,A1,Семья,Oxford
museum,n.,mjuˈziːəm,музей,We visited a history <b>museum</b>.,A1,Развлечения,Oxford
music,n.,ˈmjuːzɪk,музыка,I love listening to <b>music</b>.,A1,Развлечения,Oxford
must,modal v.,mʌst,должен,You <b>must</b> study hard.,A1,Действия,Oxford
my,det.,maɪ,мой,This is <b>my</b> book.,A1,Люди,Oxford
I,pron.,aɪ,я,<b>I</b> am a student.,A1,Люди,Oxford
ice,n.,aɪs,лёд,Put some <b>ice</b> in my juice.,A1,Еда и напитки,Oxford
ice cream,n.,ˌaɪs ˈkriːm,мороженое,Children love chocolate <b>ice cream</b>.,A1,Еда и напитки,Oxford
idea,n.,aɪˈdɪə,идея,That is a great <b>idea</b>!,A1,Общение,Oxford
if,conj.,ɪf,если,Call me <b>if</b> you need help.,A1,Служебные слова,Oxford
imagine,v.,ɪˈmædʒɪn,представлять,Can you <b>imagine</b> living on Mars?,A1,Действия,Oxford
important,adj.,ɪmˈpɔːtnt,важный,This is an <b>important</b> test.,A1,Описание,Oxford
improve,v.,ɪmˈpruːv,улучшать,I want to <b>improve</b> my English.,A1,Учеба,Oxford
in,prep.,ɪn,в,She lives <b>in</b> London.,A1,Положение,Oxford
include,v.,ɪnˈkluːd,включать,Breakfast is <b>included</b> in the price.,A1,Покупки,Oxford
information,n.,ˌɪnfəˈmeɪʃn,информация,I need more <b>information</b>.,A1,Информация,Oxford
interest,n.,ˈɪntrest,интерес,He showed a deep <b>interest</b> in art.,A1,Развлечения,Oxford
interested,adj.,ˈɪntrestɪd,заинтересованный,Are you <b>interested</b> in history?,A1,Чувства,Oxford
interesting,adj.,ˈɪntrestɪŋ,интересный,I read an <b>interesting</b> book.,A1,Описание,Oxford
internet,n.,ˈɪntənet,интернет,I search for news on the <b>internet</b>.,A1,Технологии,Oxford
into,prep.,ˈɪntə,"в, внутрь",He walked <b>into</b> the room.,A1,Перемещение,Oxford
invite,v.,ɪnˈvaɪt,приглашать,I want to <b>invite</b> you to my party.,A1,Общение,Oxford
island,n.,ˈaɪlənd,остров,They live on a small <b>island</b>.,A1,География,Oxford
it,pron.,ɪt,оно,<b>It</b> is raining outside.,A1,Люди,Oxford
its,det.,ɪts,"его, её (неодуш.)",The dog chased <b>its</b> tail.,A1,Описание,Oxford
jacket,n.,ˈdʒækɪt,"куртка, пиджак",Put on your warm <b>jacket</b>.,A1,Одежда,Oxford
January,n.,ˈdʒænjuəri,январь,<b>January</b> is the first month.,A1,Время,Oxford
jeans,n.,dʒiːnz,джинсы,I bought new <b>jeans</b>.,A1,Одежда,Oxford
job,n.,dʒɒb,работа,He is looking for a new <b>job</b>.,A1,Работа,Oxford
join,v.,dʒɔɪn,"присоединяться, вступать",Would you like to <b>join</b> us?,A1,Общение,Oxford
journey,n.,ˈdʒɜːni,"путешествие, поездка",Have a safe <b>journey</b>!,A1,Путешествия,Oxford
juice,n.,dʒuːs,сок,I drink orange <b>juice</b>.,A1,Еда и напитки,Oxford
July,n.,dʒuˈlaɪ,июль,We go on vacation in <b>July</b>.,A1,Время,Oxford
June,n.,dʒuːn,июнь,School finishes in <b>June</b>.,A1,Время,Oxford
just,adv.,dʒʌst,"только что, просто",I <b>just</b> arrived home.,A1,Время,Oxford
keep,v.,kiːp,"держать, сохранять",<b>Keep</b> your room clean.,A1,Действия,Oxford
key,n.,kiː,ключ,I lost my house <b>key</b>.,A1,Дом и быт,Oxford
kick,v.,kɪk,"пинать, бить ногой",Don't <b>kick</b> the ball indoors.,A1,Спорт,Oxford
kick,n.,kɪk,пинок,He gave the ball a hard <b>kick</b>.,A1,Спорт,Oxford
kid,n.,kɪd,"ребенок, малыш",She has two <b>kids</b>.,A1,Семья,Oxford
kill,v.,kɪl,убивать,Smoking can <b>kill</b>.,A1,Действия,Oxford
kilo,n.,ˈkiːləʊ,килограмм,I need a <b>kilo</b> of apples.,A1,Покупки,Oxford
kilometer,n.,kɪˈlɒmɪtə(r),километр,It is five <b>kilometers</b> away.,A1,География,Oxford
kind,adj.,kaɪnd,"добрый, любезный","Thank you, you are very <b>kind</b>.",A1,Характер,Oxford
kind,n.,kaɪnd,вид,What <b>kind</b> of music do you like?,A1,Общее,Oxford
kitchen,n.,ˈkɪtʃɪn,кухня,Mom is cooking in the <b>kitchen</b>.,A1,Дом и быт,Oxford
knee,n.,niː,колено,He fell and hurt his <b>knee</b>.,A1,Тело и здоровье,Oxford
knife,n.,naɪf,нож,Cut the bread with a sharp <b>knife</b>.,A1,Еда и напитки,Oxford
know,v.,nəʊ,знать,I don't <b>know</b> the answer.,A1,Общение,Oxford
knowledge,n.,ˈnɒlɪdʒ,знание,Books give us <b>knowledge</b>.,A1,Учеба,Oxford
game,n.,ɡeɪm,игра,Let's play a <b>game</b>.,A1,Развлечения,Oxford
garden,n.,ˈɡɑːdn,сад,The flowers grow in the <b>garden</b>.,A1,Дом и быт,Oxford
garlic,n.,ˈɡɑːlɪk,чеснок,Add a clove of <b>garlic</b>.,A1,Еда и напитки,Oxford
gas,n.,ɡæs,газ,Turn off the <b>gas</b> stove.,A1,Дом и быт,Oxford
get,v.,ɡet,"получать, становиться",I need to <b>get</b> a new passport.,A1,Действия,Oxford
gift,n.,ɡɪft,подарок,Thank you for the lovely <b>gift</b>.,A1,Праздники,Oxford
girl,n.,ɡɜːl,девочка,The <b>girl</b> is reading a book.,A1,Люди,Oxford
girlfriend,n.,ˈɡɜːlfrend,девушка,He invited his <b>girlfriend</b>.,A1,Отношения,Oxford
give,v.,ɡɪv,давать,<b>Give</b> me your hand.,A1,Действия,Oxford
glass,n.,ɡlɑːs,стакан,"A <b>glass</b> of water, please.",A1,Еда и напитки,Oxford
glasses,n.,ˈɡlɑːsɪz,очки,She wears reading <b>glasses</b>.,A1,Одежда,Oxford
glove,n.,ɡlʌv,перчатка,Put on your <b>gloves</b>.,A1,Одежда,Oxford
go,v.,ɡəʊ,"идти, ехать",I <b>go</b> to work by bus.,A1,Перемещение,Oxford
goal,n.,ɡəʊl,цель,His <b>goal</b> is to learn English.,A1,Общее,Oxford
gold,n.,ɡəʊld,золото,She wears a <b>gold</b> ring.,A1,Описание,Oxford
gold,adj.,ɡəʊld,золотой,He won a <b>gold</b> medal.,A1,Описание,Oxford
good,adj.,ɡʊd,хороший,Have a <b>good</b> day!,A1,Описание,Oxford
goodbye,excl.,ˌɡʊdˈbaɪ,до свидания,"<b>Goodbye</b>, see you tomorrow!",A1,Общение,Oxford
grandfather,n.,ˈɡrænfɑːðə(r),дедушка,My <b>grandfather</b> is eighty.,A1,Семья,Oxford
grandmother,n.,ˈɡrænmʌðə(r),бабушка,My <b>grandmother</b> bakes delicious pies.,A1,Семья,Oxford
grandparent,n.,ˈɡrænpeərənt,дедушка или бабушка,I visit my <b>grandparents</b> on weekends.,A1,Семья,Oxford
grass,n.,ɡrɑːs,трава,The cat is lying on the <b>grass</b>.,A1,Природа,Oxford
great,adj.,ɡreɪt,"великий, замечательный",We had a <b>great</b> time.,A1,Описание,Oxford
green,adj.,ɡriːn,зеленый,The grass is <b>green</b>.,A1,Описание,Oxford
grey,adj.,ɡreɪ,серый,The sky is <b>grey</b> today.,A1,Описание,Oxford
ground,n.,ɡraʊnd,земля,He sat on the <b>ground</b>.,A1,Природа,Oxford
group,n.,ɡruːp,группа,A <b>group</b> of students arrived.,A1,Люди,Oxford
grow,v.,ɡrəʊ,расти,Plants <b>grow</b> fast in spring.,A1,Природа,Oxford
guess,v.,ɡes,угадывать,Can you <b>guess</b> my age?,A1,Общение,Oxford
guitar,n.,ɡɪˈtɑː(r),гитара,He plays the <b>guitar</b>.,A1,Развлечения,Oxford
guy,n.,ɡaɪ,"парень, чувак",He is a nice <b>guy</b>.,A1,Люди,Oxford
hair,n.,heə(r),волосы,She has long brown <b>hair</b>.,A1,Тело и здоровье,Oxford
half,n.,hɑːf,половина,Cut the apple in <b>half</b>.,A1,Числа,Oxford
hand,n.,hænd,рука,Wash your <b>hands</b> before dinner.,A1,Тело и здоровье,Oxford
happen,v.,ˈhæpən,"происходить, случаться",What will <b>happen</b> next?,A1,Действия,Oxford
happy,adj.,ˈhæpi,счастливый,I am very <b>happy</b> to see you.,A1,Чувства,Oxford
hard,adj.,hɑːd,"трудный, твердый",This exam was <b>hard</b>.,A1,Описание,Oxford
hard,adv.,hɑːd,усердно,She works very <b>hard</b>.,A1,Действия,Oxford
hat,n.,hæt,шляпа,Put on your <b>hat</b>.,A1,Одежда,Oxford
hate,v.,heɪt,ненавидеть,I <b>hate</b> waking up early.,A1,Чувства,Oxford
have,v.,hæv,иметь,I <b>have</b> two brothers.,A1,Действия,Oxford
have to,modal v.,ˈhæf tu,"быть должным, вынужденным",I <b>have to</b> go now.,A1,Действия,Oxford
he,pron.,hi,он,<b>He</b> is my best friend.,A1,Люди,Oxford
head,n.,hed,голова,My <b>head</b> hurts.,A1,Тело и здоровье,Oxford
headache,n.,ˈhedeɪk,головная боль,I have a terrible <b>headache</b>.,A1,Здоровье,Oxford
health,n.,helθ,здоровье,Fruit is good for your <b>health</b>.,A1,Здоровье,Oxford
healthy,adj.,ˈhelθi,здоровый,Eat <b>healthy</b> food.,A1,Здоровье,Oxford
hear,v.,hɪə(r),слышать,Can you <b>hear</b> that sound?,A1,Действия,Oxford
heart,n.,hɑːt,сердце,Her <b>heart</b> beat fast.,A1,Тело и здоровье,Oxford
heat,n.,hiːt,"жара, тепло",I don't like summer <b>heat</b>.,A1,Погода,Oxford
heavy,adj.,ˈhevi,тяжелый,This box is very <b>heavy</b>.,A1,Описание,Oxford
hello,excl.,həˈləʊ,привет,"<b>Hello</b>, how are you?",A1,Общение,Oxford
help,v.,help,помогать,Can you <b>help</b> me?,A1,Действия,Oxford
help,n.,help,помощь,Thank you for your <b>help</b>.,A1,Общение,Oxford
her,pron.,hɜː(r),"её, ей",Give <b>her</b> the book.,A1,Люди,Oxford
here,adv.,hɪə(r),здесь,"Come <b>here</b>, please.",A1,Положение,Oxford
hi,excl.,haɪ,привет,"<b>Hi</b>, nice to meet you!",A1,Общение,Oxford
high,adj.,haɪ,высокий,Mount Everest is very <b>high</b>.,A1,Описание,Oxford
hill,n.,hɪl,холм,They walked up the <b>hill</b>.,A1,Природа,Oxford
him,pron.,hɪm,"его, ему",I saw <b>him</b> yesterday.,A1,Люди,Oxford
his,det.,hɪz,его,This is <b>his</b> car.,A1,Люди,Oxford
history,n.,ˈhɪstri,история,She studies <b>history</b> at university.,A1,Учеба,Oxford
hobby,n.,ˈhɒbi,"хобби, увлечение",My <b>hobby</b> is painting.,A1,Развлечения,Oxford
holiday,n.,ˈhɒlədeɪ,"каникулы, отпуск",We are on <b>holiday</b>.,A1,Отдых и природа,Oxford
home,n.,həʊm,дом,Welcome to my <b>home</b>.,A1,Дом и быт,Oxford
homework,n.,ˈhəʊmwɜːk,домашняя работа,I am doing my <b>homework</b>.,A1,Учеба,Oxford
hope,v.,həʊp,надеяться,I <b>hope</b> to see you soon.,A1,Чувства,Oxford
horse,n.,hɔːs,лошадь,He rides a <b>horse</b>.,A1,Животные,Oxford
hospital,n.,ˈhɒspɪtl,больница,She works at the <b>hospital</b>.,A1,Здоровье,Oxford
hot,adj.,hɒt,горячий,"Be careful, the soup is <b>hot</b>.",A1,Описание,Oxford
hotel,n.,həʊˈtel,отель,We stayed at a comfortable <b>hotel</b>.,A1,Путешествия,Oxford
hour,n.,ˈaʊə(r),час,The flight takes one <b>hour</b>.,A1,Время,Oxford
house,n.,haʊs,дом,They bought a new <b>house</b>.,A1,Дом и быт,Oxford
how,adv.,haʊ,как,<b>How</b> are you doing?,A1,Общение,Oxford
however,adv.,haʊˈevə(r),"однако, тем не менее","I wanted to go, <b>however</b> I was busy.",A1,Служебные слова,Oxford
hundred,num.,ˈhʌndrəd,сто,There were a <b>hundred</b> people.,A1,Числа,Oxford
hungry,adj.,ˈhʌŋɡri,голодный,"I am <b>hungry</b>, let's eat.",A1,Чувства,Oxford
husband,n.,ˈhʌzbənd,муж,Her <b>husband</b> is a doctor.,A1,Семья,Oxford
each,det.,iːtʃ,каждый,<b>Each</b> student has a book.,A1,Описание,Oxford
ear,n.,ɪə(r),ухо,My <b>ear</b> hurts.,A1,Тело и здоровье,Oxford
early,adj.,ˈɜːli,ранний,I have an <b>early</b> meeting.,A1,Время,Oxford
early,adv.,ˈɜːli,рано,I woke up <b>early</b> today.,A1,Время,Oxford
east,n.,iːst,восток,The sun rises in the <b>east</b>.,A1,География,Oxford
easy,adj.,ˈiːzi,"легкий, простой",This exercise is very <b>easy</b>.,A1,Описание,Oxford
eat,v.,iːt,есть,I want to <b>eat</b> pizza.,A1,Еда и напитки,Oxford
egg,n.,eɡ,яйцо,I had an <b>egg</b> for breakfast.,A1,Еда и напитки,Oxford
eight,num.,eɪt,восемь,I have <b>eight</b> apples.,A1,Числа,Oxford
eighteen,num.,ˌeɪˈtiːn,восемнадцать,She is <b>eighteen</b> years old.,A1,Числа,Oxford
eighty,num.,ˈeɪti,восемьдесят,He is <b>eighty</b> years old.,A1,Числа,Oxford
elephant,n.,ˈelɪfənt,слон,An <b>elephant</b> is very big.,A1,Животные,Oxford
else,adv.,els,еще,What <b>else</b> do you need?,A1,Общение,Oxford
email,n.,ˈiːmeɪl,электронное письмо,I received an <b>email</b>.,A1,Общение,Oxford
email,v.,ˈiːmeɪl,писать письмо,Please <b>email</b> me the details.,A1,Общение,Oxford
end,n.,end,конец,This is the <b>end</b> of the story.,A1,Время,Oxford
end,v.,end,заканчивать,The movie will <b>end</b> at nine.,A1,Действия,Oxford
enjoy,v.,ɪnˈdʒɔɪ,наслаждаться,I <b>enjoy</b> reading books.,A1,Чувства,Oxford
enough,det.,ɪˈnʌf,достаточно,We have <b>enough</b> time.,A1,Описание,Oxford
enter,v.,ˈentə(r),входить,Do not <b>enter</b> without permission.,A1,Перемещение,Oxford
euro,n.,ˈjʊərəʊ,евро,It costs ten <b>euros</b>.,A1,Покупки,Oxford
even,adv.,ˈiːvn,даже,He didn't <b>even</b> say goodbye.,A1,Общение,Oxford
evening,n.,ˈiːvnɪŋ,вечер,See you this <b>evening</b>.,A1,Время,Oxford
event,n.,ɪˈvent,"событие, мероприятие",It was an important <b>event</b>.,A1,Разное,Oxford
ever,adv.,ˈevə(r),"когда-либо, никогда",Have you <b>ever</b> been to London?,A1,Время,Oxford
every,det.,ˈevri,каждый,I go to work <b>every</b> day.,A1,Время,Oxford
everybody,pron.,ˈevribɒdi,все,<b>Everybody</b> is happy.,A1,Люди,Oxford
everyone,pron.,ˈevriwʌn,все,"Good morning, <b>everyone</b>!",A1,Люди,Oxford
everything,pron.,ˈevriθɪŋ,всё,<b>Everything</b> is ready.,A1,Вещи,Oxford
everywhere,adv.,ˈevriweə(r),везде,I looked <b>everywhere</b> for my keys.,A1,Положение,Oxford
exact,adj.,ɪɡˈzækt,точный,What is the <b>exact</b> time?,A1,Описание,Oxford
example,n.,ɪɡˈzɑːmpl,пример,This is a good <b>example</b>.,A1,Учеба,Oxford
excited,adj.,ɪkˈsaɪtɪd,"взволнованный, воодушевленный",She is <b>excited</b> about the trip.,A1,Чувства,Oxford
exciting,adj.,ɪkˈsaɪtɪŋ,"захватывающий, увлекательный",It was an <b>exciting</b> game.,A1,Описание,Oxford
exercise,n.,ˈeksəsaɪz,"упражнение, зарядка",Morning <b>exercise</b> is good for health.,A1,Здоровье,Oxford
exercise,v.,ˈeksəsaɪz,тренироваться,I <b>exercise</b> every day.,A1,Здоровье,Oxford
expensive,adj.,ɪkˈspensɪv,дорогой,This watch is very <b>expensive</b>.,A1,Покупки,Oxford
explain,v.,ɪkˈspleɪn,объяснять,Can you <b>explain</b> this rule?,A1,Общение,Oxford
extra,adj.,ˈekstrə,дополнительный,Do you need <b>extra</b> help?,A1,Описание,Oxford
eye,n.,aɪ,глаз,She has green <b>eyes</b>.,A1,Тело и здоровье,Oxford
face,n.,feɪs,лицо,Wash your <b>face</b> with water.,A1,Тело и здоровье,Oxford
fact,n.,fækt,факт,It is a simple <b>fact</b>.,A1,Информация,Oxford
fall,v.,fɔːl,падать,Be careful not to <b>fall</b>.,A1,Действия,Oxford
fall,n.,fɔːl,"падение, осень",Leaves turn red and yellow in the <b>fall</b>.,A1,Природа,Oxford
false,adj.,fɔːls,"ложный, неверный",Is this sentence true or <b>false</b>?,A1,Учеба,Oxford
family,n.,ˈfæməli,семья,I love my <b>family</b>.,A1,Семья,Oxford
famous,adj.,ˈfeɪməs,знаменитый,He is a <b>famous</b> actor.,A1,Описание,Oxford
fan,n.,fæn,"фанат, поклонник",He is a big football <b>fan</b>.,A1,Развлечения,Oxford
fan,n.,fæn,вентилятор,"It is very hot, please turn on the <b>fan</b>.",A1,Дом и быт,Oxford
fantastic,adj.,fænˈtæstɪk,фантастический,You did a <b>fantastic</b> job!,A1,Описание,Oxford
far,adv.,fɑː(r),далеко,How <b>far</b> is the station?,A1,Положение,Oxford
farm,n.,fɑːm,ферма,My uncle lives on a <b>farm</b>.,A1,Город и места,Oxford
farmer,n.,ˈfɑːmə(r),фермер,The <b>farmer</b> grows vegetables.,A1,Профессии,Oxford
fast,adj.,fɑːst,быстрый,This is a <b>fast</b> car.,A1,Описание,Oxford
fast,adv.,fɑːst,быстро,Don't drive so <b>fast</b>.,A1,Действия,Oxford
fat,adj.,fæt,толстый,The cat is very <b>fat</b>.,A1,Описание,Oxford
father,n.,ˈfɑːðə(r),отец,My <b>father</b> works at a bank.,A1,Семья,Oxford
favourite,adj.,ˈfeɪvərɪt,любимый,Blue is my <b>favourite</b> colour.,A1,Описание,Oxford
February,n.,ˈfebruəri,февраль,Valentine's Day is in <b>February</b>.,A1,Время,Oxford
feel,v.,fiːl,чувствовать,I <b>feel</b> happy today.,A1,Чувства,Oxford
feeling,n.,ˈfiːlɪŋ,"чувство, ощущение",I have a good <b>feeling</b> about this.,A1,Чувства,Oxford
festival,n.,ˈfestɪvl,фестиваль,We went to a music <b>festival</b>.,A1,Развлечения,Oxford
few,det.,fjuː,мало,I have a <b>few</b> friends here.,A1,Описание,Oxford
field,n.,fiːld,поле,The cows are in the <b>field</b>.,A1,Природа,Oxford
fifteen,num.,ˌfɪfˈtiːn,пятнадцать,There are <b>fifteen</b> students.,A1,Числа,Oxford
fifty,num.,ˈfɪfti,пятьдесят,He gave me <b>fifty</b> dollars.,A1,Числа,Oxford
fill,v.,fɪl,наполнять,Please <b>fill</b> the glass with water.,A1,Действия,Oxford
film,n.,fɪlm,фильм,Let's watch a <b>film</b>.,A1,Развлечения,Oxford
final,adj.,ˈfaɪnl,"конечный, финальный",This is the <b>final</b> decision.,A1,Описание,Oxford
find,v.,faɪnd,находить,I can't <b>find</b> my keys.,A1,Действия,Oxford
fine,adj.,faɪn,прекрасный,"I am <b>fine</b>, thank you.",A1,Чувства,Oxford
finish,v.,ˈfɪnɪʃ,заканчивать,I <b>finish</b> work at five.,A1,Действия,Oxford
fire,n.,ˈfaɪə(r),огонь,Sit near the <b>fire</b>.,A1,Природа,Oxford
first,det.,fɜːst,первый,This is my <b>first</b> time here.,A1,Числа,Oxford
first,adv.,fɜːst,сначала,"<b>First</b>, wash your hands.",A1,Действия,Oxford
fish,n.,fɪʃ,рыба,We ate fresh <b>fish</b>.,A1,Еда и напитки,Oxford
fish,v.,fɪʃ,ловить рыбу,He likes to <b>fish</b> in the river.,A1,Отдых и природа,Oxford
fishing,n.,ˈfɪʃɪŋ,рыбалка,My grandfather loves <b>fishing</b>.,A1,Отдых и природа,Oxford
fit,adj.,fɪt,"в хорошей форме, здоровый",She exercises to stay <b>fit</b>.,A1,Здоровье,Oxford
five,num.,faɪv,пять,I have <b>five</b> books.,A1,Числа,Oxford
flat,n.,flæt,квартира,We live in a small <b>flat</b>.,A1,Дом и быт,Oxford
flight,n.,flaɪt,"рейс, полет",Our <b>flight</b> is delayed.,A1,Путешествия,Oxford
floor,n.,flɔː(r),"пол, этаж",The book is on the <b>floor</b>.,A1,Дом и быт,Oxford
flower,n.,ˈflaʊə(r),цветок,He gave her a red <b>flower</b>.,A1,Природа,Oxford
fly,v.,flaɪ,летать,Birds can <b>fly</b>.,A1,Перемещение,Oxford
flying,n.,ˈflaɪɪŋ,полет,I am afraid of <b>flying</b>.,A1,Путешествия,Oxford
follow,v.,ˈfɒləʊ,следовать,Please <b>follow</b> me.,A1,Перемещение,Oxford
food,n.,fuːd,еда,Italian <b>food</b> is my favourite.,A1,Еда и напитки,Oxford
foot,n.,fʊt,нога,My right <b>foot</b> hurts.,A1,Тело и здоровье,Oxford
football,n.,ˈfʊtbɔːl,футбол,They love playing <b>football</b>.,A1,Спорт,Oxford
for,prep.,fɔː(r),"для, на протяжении",This gift is <b>for</b> you.,A1,Общение,Oxford
forget,v.,fəˈɡet,забывать,Don't <b>forget</b> your passport.,A1,Действия,Oxford
fork,n.,fɔːk,вилка,Eat your dinner with a <b>fork</b>.,A1,Еда и напитки,Oxford
form,n.,fɔːm,форма,Please fill out this <b>form</b>.,A1,Документы,Oxford
forty,num.,ˈfɔːti,сорок,He is <b>forty</b> years old.,A1,Числа,Oxford
four,num.,fɔː(r),четыре,There are <b>four</b> chairs.,A1,Числа,Oxford
fourteen,num.,ˌfɔːˈtiːn,четырнадцать,My sister is <b>fourteen</b>.,A1,Числа,Oxford
free,adj.,friː,"свободный, бесплатный",Is this seat <b>free</b>?,A1,Описание,Oxford
fresh,adj.,freʃ,свежий,Buy some <b>fresh</b> fruit.,A1,Еда и напитки,Oxford
Friday,n.,ˈfraɪdeɪ,пятница,See you on <b>Friday</b>.,A1,Время,Oxford
fridge,n.,frɪdʒ,холодильник,The milk is in the <b>fridge</b>.,A1,Дом и быт,Oxford
friend,n.,frend,друг,She is my best <b>friend</b>.,A1,Отношения,Oxford
friendly,adj.,ˈfrendli,дружелюбный,The locals are very <b>friendly</b>.,A1,Характер,Oxford
fruit,n.,fruːt,фрукты,Eat plenty of <b>fruit</b>.,A1,Еда и напитки,Oxford
full,adj.,fʊl,полный,The glass is <b>full</b> of water.,A1,Описание,Oxford
fun,n.,fʌn,веселье,Playing games is <b>fun</b>.,A1,Развлечения,Oxford
funny,adj.,ˈfʌni,смешной,He told a <b>funny</b> story.,A1,Описание,Oxford
furniture,n.,ˈfɜːnɪtʃə(r),мебель,We bought new <b>furniture</b>.,A1,Дом и быт,Oxford
future,n.,ˈfjuːtʃə(r),будущее,Think about your <b>future</b>.,A1,Время,Oxford
X-ray,n.,ˈeks reɪ,рентген,The doctor took an <b>X-ray</b> of his broken arm.,A2,Здоровье,Oxford
yard,n.,jɑːd,двор,The kids were playing happily in the back <b>yard</b>.,A2,Дом,Oxford
yet,adv.,jet,"еще, уже",Have you finished reading that book <b>yet</b>?,A2,Время,Oxford
yoga,n.,ˈjəʊɡə,йога,She practices <b>yoga</b> to relieve daily stress.,A2,Здоровье,Oxford
yoghurt,n.,ˈjɒɡət,йогурт,I usually eat fruit <b>yoghurt</b> for breakfast.,A2,Еда,Oxford
yours,pron.,jɔːz,"твой, ваш",Is this black umbrella <b>yours</b> or mine?,A2,Местоимения,Oxford
youth,n.,juːθ,"молодежь, юность","In his <b>youth</b>, he travelled around Europe.",A2,Общество,Oxford
zero,num.,ˈzɪərəʊ,ноль,The temperature dropped below <b>zero</b> last night.,A2,Числа,Oxford
zone,n.,zəʊn,зона,Cars are not allowed in the pedestrian <b>zone</b>.,A2,Город,Oxford
zoo,n.,zuː,зоопарк,We saw exotic animals at the city <b>zoo</b>.,A2,Досуг,Oxford
wage,n.,weɪdʒ,заработная плата,Workers demanded higher weekly <b>wage</b>s.,A2,Работа,Oxford
wallet,n.,ˈwɒlɪt,"бумажник, кошелек",He kept his cards in a leather <b>wallet</b>.,A2,Покупки,Oxford
war,n.,wɔː(r),война,The two nations ended the long <b>war</b>.,A2,Общество,Oxford
warn,v.,wɔːn,предупреждать,Signposts <b>warn</b> drivers about dangerous bends.,A2,Безопасность,Oxford
warning,n.,ˈwɔːnɪŋ,предупреждение,Read the safety <b>warning</b> before operating.,A2,Безопасность,Oxford
waste,n.,weɪst,"отходы, пустая трата",Recycle plastics to reduce unnecessary <b>waste</b>.,A2,Экология,Oxford
wave,n.,weɪv,волна,A huge <b>wave</b> hit the sandy beach.,A2,Природа,Oxford
weak,adj.,wiːk,слабый,He felt <b>weak</b> after fighting the illness.,A2,Здоровье,Oxford
wealth,n.,welθ,богатство,Good health is more valuable than <b>wealth</b>.,A2,Общество,Oxford
wealthy,adj.,ˈwelθi,богатый,A <b>wealthy</b> businessman bought the hotel.,A2,Общество,Oxford
weapon,n.,ˈwepən,оружие,Guns are restricted as dangerous <b>weapon</b>s.,A2,Закон,Oxford
web,n.,web,"сеть, паутина",A spider spun its fine <b>web</b> in the corner.,A2,Природа,Oxford
wedding,n.,ˈwedɪŋ,свадьба,They invited fifty guests to their <b>wedding</b>.,A2,Праздники,Oxford
weigh,v.,weɪ,взвешивать,Please <b>weigh</b> this package at the post office.,A2,Почта,Oxford
weight,n.,weɪt,вес,He is trying to lose some excess <b>weight</b>.,A2,Здоровье,Oxford
western,adj.,ˈwestən,западный,They enjoy watching classic <b>western</b> films.,A2,География,Oxford
wheel,n.,wiːl,колесо,The front <b>wheel</b> of my bicycle is loose.,A2,Транспорт,Oxford
while,conj.,waɪl,"пока, в то время как",Listen carefully <b>while</b> I explain rules.,A2,Время,Oxford
whisper,v.,ˈwɪspə(r),шептать,She had to <b>whisper</b> during the lesson.,A2,Общение,Oxford
wide,adj.,waɪd,широкий,They crossed a <b>wide</b> river on a boat.,A2,Описание,Oxford
wild,adj.,waɪld,дикий,Lions and tigers are dangerous <b>wild</b> animals.,A2,Природа,Oxford
wind,n.,wɪnd,ветер,A strong cold <b>wind</b> blew from the north.,A2,Погода,Oxford
windy,adj.,ˈwɪndi,ветреный,It was a very <b>windy</b> day near the sea.,A2,Погода,Oxford
wing,n.,wɪŋ,крыло,The bird injured its left <b>wing</b>.,A2,Природа,Oxford
winner,n.,ˈwɪnə(r),победитель,The <b>winner</b> received a gold medal.,A2,Спорт,Oxford
wire,n.,waɪə(r),провод,Copper <b>wire</b> conducts electricity easily.,A2,Технологии,Oxford
wise,adj.,waɪz,мудрый,He gave us very <b>wise</b> advice.,A2,Характер,Oxford
wish,v.,wɪʃ,"желать, хотеть",I <b>wish</b> you great success in exams.,A2,Общение,Oxford
without,prep.,wɪðˈaʊt,без,Never leave home <b>without</b> your keys.,A2,Описание,Oxford
wonder,v.,ˈwʌndə(r),"интересоваться, удивляться",I <b>wonder</b> why he didn't call today.,A2,Мышление,Oxford
wood,n.,wʊd,"древесина, лес",The table is made of solid <b>wood</b>.,A2,Предметы,Oxford
wooden,adj.,ˈwʊdn,деревянный,They sat on an old <b>wooden</b> bench.,A2,Предметы,Oxford
wool,n.,wʊl,шерсть,This warm scarf is made of pure <b>wool</b>.,A2,Одежда,Oxford
worry,v.,ˈwʌri,беспокоиться,"Don't <b>worry</b>, everything will be fine.",A2,Эмоции,Oxford
worse,adj.,wɜːs,хуже,My cold is getting <b>worse</b> today.,A2,Описание,Oxford
worst,adj.,wɜːst,худший,That was the <b>worst</b> movie I have seen.,A2,Описание,Oxford
worth,adj.,wɜːθ,стоящий,The museum exhibition is well <b>worth</b> visiting.,A2,Описание,Oxford
valley,n.,ˈvæli,долина,They built a small cottage in a green <b>valley</b>.,A2,Природа,Oxford
valuable,adj.,ˈvæljuəbl,ценный,Keep your <b>valuable</b> items in a safe place.,A2,Покупки,Oxford
value,n.,ˈvæljuː,"стоимость, значение",This book has great educational <b>value</b>.,A2,Общество,Oxford
van,n.,væn,фургон,They loaded the heavy boxes into the <b>van</b>.,A2,Транспорт,Oxford
variety,n.,vəˈraɪəti,разнообразие,The shop offers a wide <b>variety</b> of fresh fruits.,A2,Покупки,Oxford
various,adj.,ˈveəriəs,"различный, разный",There are <b>various</b> ways to solve this problem.,A2,Описание,Oxford
vase,n.,vɑːz,ваза,Put the fresh flowers into a glass <b>vase</b>.,A2,Дом,Oxford
vegetarian,n.,ˌvedʒəˈteəriən,вегетарианец,She has been a <b>vegetarian</b> for two years.,A2,Еда,Oxford
vehicle,n.,ˈviːəkl,транспортное средство,Motor <b>vehicle</b>s must obey the speed limit.,A2,Транспорт,Oxford
version,n.,ˈvɜːʃn,версия,Download the latest <b>version</b> of the app.,A2,Технологии,Oxford
victim,n.,ˈvɪktɪm,жертва,The police provided support to the <b>victim</b>.,A2,Общество,Oxford
view,n.,vjuː,"вид, мнение",Our hotel room has a magnificent sea <b>view</b>.,A2,Путешествия,Oxford
violin,n.,ˌvaɪəˈlɪn,скрипка,She has been playing the <b>violin</b> since childhood.,A2,Музыка,Oxford
virus,n.,ˈvaɪrəs,вирус,Install antivirus software to block any <b>virus</b>.,A2,Здоровье,Oxford
vocabulary,n.,vəˈkæbjələri,словарный запас,Reading books helps build your <b>vocabulary</b>.,A2,Обучение,Oxford
voice,n.,vɔɪs,голос,She has a soft and pleasant singing <b>voice</b>.,A2,Тело,Oxford
volume,n.,ˈvɒljuːm,"громкость, объем","Turn down the TV <b>volume</b>, please.",A2,Быт,Oxford
volunteer,n.,ˌvɒlənˈtɪə(r),волонтер,He works as a <b>volunteer</b> at a local shelter.,A2,Общество,Oxford
vote,v.,vəʊt,голосовать,Citizens have the right to <b>vote</b> in elections.,A2,Политика,Oxford
ugly,adj.,ˈʌɡli,уродливый,The old building looked <b>ugly</b> and abandoned.,A2,Описание,Oxford
unable,adj.,ʌnˈeɪbl,неспособный,He was <b>unable</b> to attend the morning meeting.,A2,Описание,Oxford
uncomfortable,adj.,ʌnˈkʌmftəbl,неудобный,This wooden chair is very <b>uncomfortable</b>.,A2,Описание,Oxford
underground,adj.,ˌʌndəˈɡraʊnd,"подземный, метро",We took the <b>underground</b> train across town.,A2,Транспорт,Oxford
understanding,n.,ˌʌndəˈstændɪŋ,понимание,They reached a mutual <b>understanding</b> quickly.,A2,Мышление,Oxford
underwear,n.,ˈʌndəweə(r),нижнее белье,Pack enough clean <b>underwear</b> for the journey.,A2,Одежда,Oxford
undressed,adj.,ʌnˈdrest,раздетый,He got <b>undressed</b> and jumped into bed.,A2,Быт,Oxford
unemployed,adj.,ˌʌnɪmˈplɔɪd,безработный,He has been <b>unemployed</b> for three months.,A2,Работа,Oxford
unemployment,n.,ˌʌnɪmˈplɔɪmənt,безработица,The government aims to reduce <b>unemployment</b>.,A2,Экономика,Oxford
unexpected,adj.,ˌʌnɪkˈspektɪd,неожиданный,We received an <b>unexpected</b> visit yesterday.,A2,Описание,Oxford
unfair,adj.,ˌʌnˈfeə(r),несправедливый,That decision was completely <b>unfair</b> to us.,A2,Описание,Oxford
unfriendly,adj.,ʌnˈfrendli,недружелюбный,The staff member was quite <b>unfriendly</b>.,A2,Характер,Oxford
unhappy,adj.,ʌnˈhæpi,несчастный,She was <b>unhappy</b> with her test results.,A2,Эмоции,Oxford
uniform,n.,ˈjuːnɪfɔːm,униформа,Students must wear a neat school <b>uniform</b>.,A2,Одежда,Oxford
union,n.,ˈjuːniən,"союз, профсоюз",He joined the trade <b>union</b> at his workplace.,A2,Общество,Oxford
unit,n.,ˈjuːnɪt,"единица, раздел",We finished <b>unit</b> three of the English book.,A2,Обучение,Oxford
unkind,adj.,ˌʌnˈkaɪnd,недобрый,It was an <b>unkind</b> thing to say to her.,A2,Характер,Oxford
unknown,adj.,ˌʌnˈnəʊn,неизвестный,The author of the poem remains <b>unknown</b>.,A2,Описание,Oxford
unless,conj.,ənˈles,если не,Don't call me <b>unless</b> it is an emergency.,A2,Грамматика,Oxford
unlucky,adj.,ʌnˈlʌki,невезучий,He was <b>unlucky</b> to lose the final match.,A2,Описание,Oxford
unnecessary,adj.,ʌnˈnesəsəri,ненужный,Avoid taking <b>unnecessary</b> risks when driving.,A2,Описание,Oxford
unpleasant,adj.,ʌnˈpleznt,неприятный,There was an <b>unpleasant</b> smell in the room.,A2,Описание,Oxford
untidy,adj.,ʌnˈtaɪdi,неаккуратный,His desk is always messy and <b>untidy</b>.,A2,Быт,Oxford
unusual,adj.,ʌnˈjuːʒuəl,необычный,It is <b>unusual</b> to see snow in warm weather.,A2,Описание,Oxford
unusually,adv.,ʌnˈjuːʒuəli,необычно,It was an <b>unusually</b> warm winter day.,A2,Описание,Oxford
upload,v.,ˌʌpˈləʊd,загружать (в сеть),Please <b>upload</b> the document to the drive.,A2,Технологии,Oxford
upper,adj.,ˈʌpə(r),верхний,He lives on the <b>upper</b> floor of the house.,A2,Описание,Oxford
upset,adj.,ˌʌpˈset,расстроенный,She was very <b>upset</b> about losing her keys.,A2,Эмоции,Oxford
urban,adj.,ˈɜːbən,городской,Air pollution is high in many <b>urban</b> areas.,A2,География,Oxford
urgent,adj.,ˈɜːdʒənt,срочный,I need to make an <b>urgent</b> phone call now.,A2,Описание,Oxford
user,n.,ˈjuːzə(r),пользователь,Every <b>user</b> needs a strong account password.,A2,Технологии,Oxford
usual,adj.,ˈjuːʒuəl,обычный,I sat in my <b>usual</b> seat near the window.,A2,Описание,Oxford
tablet,n.,ˈtæblət,планшет,He uses a <b>tablet</b> to read books.,A2,Технологии,Oxford
talent,n.,ˈtælənt,талант,She has an obvious <b>talent</b> for music.,A2,Характер,Oxford
talented,adj.,ˈtæləntɪd,талантливый,He is a very <b>talented</b> young artist.,A2,Характер,Oxford
target,n.,ˈtɑːɡɪt,"цель, мишень",We reached our sales <b>target</b> this month.,A2,Бизнес,Oxford
task,n.,tɑːsk,задача,Completing this <b>task</b> took two hours.,A2,Работа,Oxford
taste,v.,teɪst,"пробовать, иметь вкус",This soup <b>taste</b>s delicious.,A2,Еда,Oxford
tasty,adj.,ˈteɪsti,вкусный,She cooked a very <b>tasty</b> meal.,A2,Еда,Oxford
tax,n.,tæks,налог,They raised the <b>tax</b> on luxury goods.,A2,Экономика,Oxford
tear,v.,teə(r),рвать,Be careful not to <b>tear</b> the page.,A2,Действия,Oxford
technology,n.,tekˈnɒlədʒi,технология,Modern <b>technology</b> makes life easier.,A2,Технологии,Oxford
temperature,n.,ˈtemprətʃə(r),температура,The <b>temperature</b> dropped below zero.,A2,Погода,Oxford
temporary,adj.,ˈtemprəri,временный,He found a <b>temporary</b> job for summer.,A2,Работа,Oxford
tent,n.,tent,палатка,We pitched our <b>tent</b> near the lake.,A2,Досуг,Oxford
term,n.,tɜːm,"семестр, термин",The spring <b>term</b> ends in May.,A2,Обучение,Oxford
textbook,n.,ˈtekstbʊk,учебник,Open your English <b>textbook</b> at page ten.,A2,Обучение,Oxford
thief,n.,θiːf,вор,The <b>thief</b> stole a valuable painting.,A2,Закон,Oxford
thin,adj.,θɪn,"тонкий, худой",He cut a <b>thin</b> slice of cheese.,A2,Описание,Oxford
thinking,n.,ˈθɪŋkɪŋ,мышление,Critical <b>thinking</b> is an important skill.,A2,Мышление,Oxford
thought,n.,θɔːt,мысль,The idea was a sudden <b>thought</b>.,A2,Мышление,Oxford
throat,n.,θrəʊt,горло,She has a sore <b>throat</b> today.,A2,Здоровье,Oxford
throw,v.,θrəʊ,бросать,"<b>Throw</b> the ball to me, please.",A2,Спорт,Oxford
thumb,n.,θʌm,большой палец,He cut his left <b>thumb</b> while cooking.,A2,Тело,Oxford
thunder,n.,ˈθʌndə(r),гром,We heard loud <b>thunder</b> during the storm.,A2,Погода,Oxford
tie,v.,taɪ,"завязывать, галстук",Learn how to <b>tie</b> a shoelace.,A2,Быт,Oxford
tight,adj.,taɪt,"тесный, плотный",These jeans are too <b>tight</b> for me.,A2,Одежда,Oxford
timetable,n.,ˈtaɪmteɪbl,расписание,Check the bus <b>timetable</b> carefully.,A2,Время,Oxford
tin,n.,tɪn,консервная банка,Open a <b>tin</b> of baked beans.,A2,Еда,Oxford
tiny,adj.,ˈtaɪni,крошечный,They live in a <b>tiny</b> apartment.,A2,Описание,Oxford
tip,n.,tɪp,"совет, чаевые",He gave me a useful <b>tip</b> for driving.,A2,Общение,Oxford
tiring,adj.,ˈtaɪərɪŋ,утомительный,It was a long and <b>tiring</b> day.,A2,Описание,Oxford
tissue,n.,ˈtɪʃuː,бумажная салфетка,Pass me a <b>tissue</b> to wipe my nose.,A2,Быт,Oxford
title,n.,ˈtaɪtl,"заглавие, название",What is the <b>title</b> of the book?,A2,Книги,Oxford
toe,n.,təʊ,палец ноги,He hurt his big <b>toe</b> on the chair.,A2,Тело,Oxford
tongue,n.,tʌŋ,язык (орган),Dogs lick their nose with their <b>tongue</b>.,A2,Тело,Oxford
tool,n.,tuːl,инструмент,A hammer is a useful hand <b>tool</b>.,A2,Предметы,Oxford
toothache,n.,ˈtuːθeɪk,зубная боль,I have a terrible <b>toothache</b> today.,A2,Здоровье,Oxford
toothbrush,n.,ˈtuːθbrʌʃ,зубная щетка,Replace your <b>toothbrush</b> every three months.,A2,Быт,Oxford
toothpaste,n.,ˈtuːθpeɪst,зубная паста,Squeeze a little <b>toothpaste</b> onto the brush.,A2,Быт,Oxford
touch,v.,tʌtʃ,прикасаться,Do not <b>touch</b> the wet paint.,A2,Действия,Oxford
tough,adj.,tʌf,"трудный, жесткий",He faced a <b>tough</b> decision at work.,A2,Описание,Oxford
tourism,n.,ˈtʊərɪzəm,туризм,The city relies heavily on <b>tourism</b>.,A2,Путешествия,Oxford
towel,n.,ˈtaʊəl,полотенце,Dry your hands with a clean <b>towel</b>.,A2,Быт,Oxford
tower,n.,ˈtaʊə(r),башня,The old clock <b>tower</b> stands tall.,A2,Город,Oxford
track,n.,træk,"трек, дорожка",The runners warmed up on the <b>track</b>.,A2,Спорт,Oxford
trade,n.,treɪd,торговля,International <b>trade</b> grew this year.,A2,Бизнес,Oxford
traditional,adj.,trəˈdɪʃənl,традиционный,They wear <b>traditional</b> clothes for festivals.,A2,Культура,Oxford
traffic,n.,ˈtræfɪk,дорожное движение,There was heavy <b>traffic</b> on the highway.,A2,Транспорт,Oxford
trainer,n.,ˈtreɪnə(r),"кроссовок, инструктор",She bought a new pair of <b>trainer</b>s.,A2,Обучение,Oxford
training,n.,ˈtreɪnɪŋ,"тренировка, обучение",The staff completed safety <b>training</b>.,A2,Работа,Oxford
transport,n.,ˈtrænspɔːt,транспорт,Public <b>transport</b> is very cheap here.,A2,Транспорт,Oxford
traveller,n.,ˈtrævlə(r),путешественник,The tired <b>traveller</b> rested at an inn.,A2,Путешествия,Oxford
treasure,n.,ˈtreʒə(r),сокровище,Pirates searched for hidden <b>treasure</b>.,A2,Сказки,Oxford
treat,v.,triːt,"лечить, относиться",Doctors <b>treat</b> patients with care.,A2,Здоровье,Oxford
treatment,n.,ˈtriːtmənt,лечение,He is receiving medical <b>treatment</b>.,A2,Здоровье,Oxford
trend,n.,trend,"тренд, тенденция",Online shopping is a growing <b>trend</b>.,A2,Общество,Oxford
trick,n.,trɪk,"трюк, фокус",The magician performed an amazing <b>trick</b>.,A2,Развлечения,Oxford
trouble,n.,ˈtrʌbl,"неприятности, проблема",Call me if you run into <b>trouble</b>.,A2,Общее,Oxford
truck,n.,trʌk,грузовик,A big <b>truck</b> delivered the goods.,A2,Транспорт,Oxford
trust,v.,trʌst,доверять,You can <b>trust</b> him with your secrets.,A2,Отношения,Oxford
truth,n.,truːθ,правда,Always tell the <b>truth</b> to your parents.,A2,Общение,Oxford
tube,n.,tjuːb,"труба, тюбик",Buy a <b>tube</b> of toothpaste at the shop.,A2,Быт,Oxford
tunnel,n.,ˈtʌnl,тоннель,The train went through a long <b>tunnel</b>.,A2,Транспорт,Oxford
turkey,n.,ˈtɜːki,индейка,We ate roasted <b>turkey</b> for dinner.,A2,Еда,Oxford
twin,n.,twɪn,близнец,She has an identical <b>twin</b> sister.,A2,Семья,Oxford
typical,adj.,ˈtɪpɪkl,типичный,It was a <b>typical</b> rainy day in London.,A2,Описание,Oxford
tyre,n.,ˈtaɪə(r),шина,Check the <b>tyre</b> pressure regularly.,A2,Транспорт,Oxford
safe,adj.,seɪf,безопасный,It is not <b>safe</b> to walk alone here at night.,A2,Безопасность,Oxford
safety,n.,ˈseɪfti,безопасность,Road <b>safety</b> is important for all drivers.,A2,Безопасность,Oxford
sail,v.,seɪl,"плыть под парусом, плавать",They plan to <b>sail</b> across the lake.,A2,Путешествия,Oxford
sailing,n.,ˈseɪlɪŋ,парусный спорт,<b>Sailing</b> is a popular summer sport here.,A2,Спорт,Oxford
salary,n.,ˈsæləri,зарплата,She received a high monthly <b>salary</b>.,A2,Работа,Oxford
sale,n.,seɪl,"распродажа, продажа",These boots were on <b>sale</b> last week.,A2,Покупки,Oxford
scare,v.,skeə(r),пугать,Loud noises always <b>scare</b> the dog.,A2,Эмоции,Oxford
scared,adj.,skeəd,испуганный,She was <b>scared</b> of the dark room.,A2,Эмоции,Oxford
scary,adj.,ˈskeəri,страшный,We watched a very <b>scary</b> horror film.,A2,Описание,Oxford
scene,n.,siːn,сцена,The opening <b>scene</b> of the movie was brilliant.,A2,Искусство,Oxford
schedule,n.,ˈʃedjuːl,"расписание, график",Check the train <b>schedule</b> before leaving.,A2,Время,Oxford
score,n.,skɔː(r),"счет, результат",The final <b>score</b> of the match was two to one.,A2,Спорт,Oxford
screen,n.,skriːn,экран,Look at the computer <b>screen</b> for a minute.,A2,Технологии,Oxford
search,v.,sɜːtʃ,искать,Police continue to <b>search</b> for the lost dog.,A2,Действия,Oxford
season,n.,ˈsiːzn,время года,Autumn is my favourite <b>season</b>.,A2,Природа,Oxford
seat,n.,siːt,"сиденье, место",Please take a <b>seat</b> in the waiting room.,A2,Быт,Oxford
second,adj.,ˈsekənd,второй,Our apartment is on the <b>second</b> floor.,A2,Числа,Oxford
secondary,adj.,ˈsekəndri,средний (о школе),My brother attends a <b>secondary</b> school.,A2,Обучение,Oxford
secret,n.,ˈsiːkrət,секрет,Can you keep a <b>secret</b> from everyone?,A2,Общение,Oxford
secretary,n.,ˈsekrətri,секретарь,The <b>secretary</b> answered the phone call.,A2,Профессии,Oxford
security,n.,sɪˈkjʊərəti,безопасность,Airport <b>security</b> checked our bags.,A2,Безопасность,Oxford
seem,v.,siːm,казаться,You <b>seem</b> very tired after your journey.,A2,Описание,Oxford
select,v.,sɪˈlekt,выбирать,Please <b>select</b> one option from the menu.,A2,Действия,Oxford
sense,n.,sens,чувство,Dogs have a strong <b>sense</b> of smell.,A2,Тело,Oxford
sensible,adj.,ˈsensəbl,"благоразумный, разумный",Wearing warm clothes was a <b>sensible</b> decision.,A2,Характер,Oxford
separate,adj.,ˈseprət,"отдельный, обособленный",They sleep in <b>separate</b> bedrooms.,A2,Описание,Oxford
serious,adj.,ˈsɪəriəs,серьезный,He has a <b>serious</b> expression on his face.,A2,Характер,Oxford
seriously,adv.,ˈsɪəriəsli,серьезно,Do you <b>seriously</b> believe what he said?,A2,Общение,Oxford
servant,n.,ˈsɜːvənt,слуга,The royal house employed a <b>servant</b>.,A2,История,Oxford
serve,v.,sɜːv,обслуживать,The restaurant will <b>serve</b> dinner until ten.,A2,Сервис,Oxford
service,n.,ˈsɜːvɪs,"служба, сервис",The customer <b>service</b> here is excellent.,A2,Сервис,Oxford
session,n.,ˈseʃn,"сессия, занятие",We had a productive training <b>session</b>.,A2,Обучение,Oxford
set,v.,set,"устанавливать, ставить",Please <b>set</b> the alarm clock for seven.,A2,Быт,Oxford
several,det.,ˈsevrəl,несколько,I have read <b>several</b> books by this author.,A2,Количество,Oxford
shake,v.,ʃeɪk,трясти(сь),<b>Shake</b> the bottle well before opening.,A2,Действия,Oxford
shall,modal v.,ʃæl,"должен, следует",<b>Shall</b> we go for a walk outside?,A2,Общение,Oxford
shape,n.,ʃeɪp,форма,The table has an oval <b>shape</b>.,A2,Описание,Oxford
sharp,adj.,ʃɑːp,острый,Be careful with that <b>sharp</b> knife.,A2,Предметы,Oxford
shave,v.,ʃeɪv,бриться,He decides to <b>shave</b> every morning.,A2,Быт,Oxford
sheet,n.,ʃiːt,"простыня, лист",Put a clean <b>sheet</b> on the bed.,A2,Дом,Oxford
shelf,n.,ʃelf,полка,Put the books back on the top <b>shelf</b>.,A2,Дом,Oxford
shine,v.,ʃaɪn,светить,The sun began to <b>shine</b> brightly.,A2,Погода,Oxford
shiny,adj.,ˈʃaɪni,блестящий,She bought a pair of <b>shiny</b> black shoes.,A2,Описание,Oxford
ship,n.,ʃɪp,корабль,The large cargo <b>ship</b> arrived at the port.,A2,Транспорт,Oxford
shock,n.,ʃɒk,шок,The bad news came as a total <b>shock</b>.,A2,Эмоции,Oxford
shocked,adj.,ʃɒkt,шокированный,We were <b>shocked</b> by the terrible accident.,A2,Эмоции,Oxford
shoot,v.,ʃuːt,стрелять,Hunters should not <b>shoot</b> animals here.,A2,Безопасность,Oxford
shot,n.,ʃɒt,"выстрел, удар",He took a powerful <b>shot</b> at the goal.,A2,Спорт,Oxford
shoulder,n.,ˈʃəʊldə(r),плечо,He carried the heavy bag on his <b>shoulder</b>.,A2,Тело,Oxford
shout,v.,ʃaʊt,кричать,"Don't <b>shout</b> at me, I can hear you.",A2,Общение,Oxford
shut,v.,ʃʌt,закрывать,Please <b>shut</b> the window because it is cold.,A2,Быт,Oxford
shy,adj.,ʃaɪ,застенчивый,The child was too <b>shy</b> to speak.,A2,Характер,Oxford
sight,n.,saɪt,"зрение, достопримечательность",Her <b>sight</b> is weak so she wears glasses.,A2,Здоровье,Oxford
signal,n.,ˈsɪɡnəl,сигнал,The traffic <b>signal</b> turned red.,A2,Транспорт,Oxford
signature,n.,ˈsɪɡnətʃə(r),подпись,Put your <b>signature</b> at the bottom of the contract.,A2,Бизнес,Oxford
silent,adj.,ˈsaɪlənt,тихий,The whole room remained <b>silent</b>.,A2,Описание,Oxford
silk,n.,sɪlk,шелк,Her dress was made of smooth <b>silk</b>.,A2,Одежда,Oxford
silly,adj.,ˈsɪli,глупый,Stop making <b>silly</b> mistakes on the test.,A2,Характер,Oxford
silver,n.,ˈsɪlvə(r),серебро,She wears a <b>silver</b> necklace.,A2,Стиль,Oxford
simple,adj.,ˈsɪmpl,простой,This is a <b>simple</b> question to answer.,A2,Описание,Oxford
simply,adv.,ˈsɪmpli,просто,I <b>simply</b> don't understand your decision.,A2,Общение,Oxford
since,prep.,sɪns,с (какого-то времени),I have lived here <b>since</b> two thousand twenty.,A2,Время,Oxford
single,adj.,ˈsɪŋɡl,"один, холостой",He bought a <b>single</b> ticket to London.,A2,Путешествия,Oxford
sink,v.,sɪŋk,тонуть,Heavy stones <b>sink</b> in deep water.,A2,Природа,Oxford
site,n.,saɪt,"сайт, место",They are building on a new construction <b>site</b>.,A2,Город,Oxford
size,n.,saɪz,размер,What <b>size</b> shoes do you wear?,A2,Покупки,Oxford
skin,n.,skɪn,кожа,Protect your <b>skin</b> from strong sunlight.,A2,Здоровье,Oxford
sleeve,n.,sliːv,рукав,He rolled up his shirt <b>sleeve</b>s.,A2,Одежда,Oxford
slice,n.,slaɪs,"ломтик, кусок",Would you like a <b>slice</b> of pizza?,A2,Еда,Oxford
slim,adj.,slɪm,стройный,She stays <b>slim</b> by eating healthily.,A2,Описание,Oxford
slip,v.,slɪp,поскользнуться,Be careful not to <b>slip</b> on the icy pavement.,A2,Безопасность,Oxford
smart,adj.,smɑːt,"умный, элегантный",He looks very <b>smart</b> in his new suit.,A2,Стиль,Oxford
smell,v.,smel,пахнуть,Fresh coffee <b>smell</b>s wonderful in the morning.,A2,Еда,Oxford
smile,v.,smaɪl,улыбаться,Always <b>smile</b> when greeting customers.,A2,Эмоции,Oxford
smoke,v.,sməʊk,курить,It is forbidden to <b>smoke</b> inside the airport.,A2,Здоровье,Oxford
smoking,n.,ˈsməʊkɪŋ,курение,<b>Smoking</b> is bad for your physical health.,A2,Здоровье,Oxford
soccer,n.,ˈsɒkə(r),футбол,They play <b>soccer</b> every Sunday morning.,A2,Спорт,Oxford
social,adj.,ˈsəʊʃl,социальный,He enjoys taking part in <b>social</b> events.,A2,Общество,Oxford
society,n.,səˈsaɪəti,общество,We live in a modern digital <b>society</b>.,A2,Общество,Oxford
software,n.,ˈsɒftweə(r),"софт, ПО",Install the latest <b>software</b> update.,A2,Технологии,Oxford
soil,n.,sɔɪl,почва,Plants need good <b>soil</b> to grow strong.,A2,Природа,Oxford
soldier,n.,ˈsəʊldʒə(r),солдат,The <b>soldier</b> returned home safely.,A2,Общество,Oxford
solution,n.,səˈluːʃn,решение,We need to find a <b>solution</b> to this problem.,A2,Мышление,Oxford
solve,v.,sɒlv,решать,He managed to <b>solve</b> the difficult puzzle.,A2,Мышление,Oxford
somewhere,adv.,ˈsʌmweə(r),"где-то, куда-то",I dropped my keys <b>somewhere</b> nearby.,A2,Место,Oxford
sour,adj.,ˈsaʊə(r),кислый,Fresh lemons have a very <b>sour</b> taste.,A2,Еда,Oxford
southern,adj.,ˈsʌðən,южный,They visited the <b>southern</b> coast of Spain.,A2,География,Oxford
spare,adj.,speə(r),запасной,Do you have a <b>spare</b> pen I could borrow?,A2,Быт,Oxford
speech,n.,spiːtʃ,речь,The president delivered an inspiring <b>speech</b>.,A2,Общение,Oxford
speed,n.,spiːd,скорость,"Slow down, you are exceeding the <b>speed</b> limit.",A2,Транспорт,Oxford
spice,n.,spaɪs,специя,Add a little <b>spice</b> to enhance the flavor.,A2,Еда,Oxford
spicy,adj.,ˈspaɪsi,острый (о еде),Indian curry is usually quite <b>spicy</b>.,A2,Еда,Oxford
spider,n.,ˈspaɪdə(r),паук,A tiny <b>spider</b> crawled on the wall.,A2,Природа,Oxford
spill,v.,spɪl,проливать,Be careful not to <b>spill</b> your coffee.,A2,Быт,Oxford
spin,v.,spɪn,крутить(ся),The wheel started to <b>spin</b> fast.,A2,Действия,Oxford
spirit,n.,ˈspɪrɪt,дух,Team <b>spirit</b> is key to winning games.,A2,Эмоции,Oxford
spoon,n.,spuːn,ложка,Use a stainless steel <b>spoon</b> for soup.,A2,Еда,Oxford
spot,n.,spɒt,"пятно, место",This is a quiet <b>spot</b> for a picnic.,A2,Место,Oxford
spread,v.,spred,"распространять, намазывать",<b>Spread</b> butter evenly on the toast.,A2,Еда,Oxford
square,n.,skweə(r),"квадрат, площадь",We met in the main town <b>square</b>.,A2,Город,Oxford
stadium,n.,ˈsteɪdiəm,стадион,Thousands gathered at the football <b>stadium</b>.,A2,Спорт,Oxford
staff,n.,stɑːf,персонал,The hotel <b>staff</b> was helpful and polite.,A2,Работа,Oxford
stage,n.,steɪdʒ,сцена,The actors walked onto the <b>stage</b>.,A2,Искусство,Oxford
stair,n.,steə(r),"ступенька, лестница",He walked carefully down the <b>stair</b>s.,A2,Дом,Oxford
stamp,n.,stæmp,почтовая марка,Stick a <b>stamp</b> on the envelope.,A2,Почта,Oxford
state,n.,steɪt,"состояние, штат",The house is in a bad <b>state</b>.,A2,Описание,Oxford
statue,n.,ˈstætʃuː,статуя,A bronze <b>statue</b> stands in the park.,A2,Искусство,Oxford
steal,v.,stiːl,воровать,Thieves tried to <b>steal</b> valuable jewellery.,A2,Закон,Oxford
steam,n.,stiːm,пар,Hot <b>steam</b> rose from the boiling pot.,A2,Природа,Oxford
steel,n.,stiːl,сталь,The bridge is constructed from <b>steel</b>.,A2,Предметы,Oxford
step,n.,step,шаг,Take one <b>step</b> forward at a time.,A2,Действия,Oxford
stick,v.,stɪk,приклеивать(ся),Use tape to <b>stick</b> the poster on the wall.,A2,Быт,Oxford
sticky,adj.,ˈstɪki,липкий,His hands were <b>sticky</b> after eating jam.,A2,Описание,Oxford
stomach,n.,ˈstʌmək,"живот, желудок",His <b>stomach</b> hurt after eating too much.,A2,Тело,Oxford
stone,n.,stəʊn,камень,He threw a small <b>stone</b> into the lake.,A2,Природа,Oxford
store,n.,stɔː(r),магазин,I bought a book at the local <b>store</b>.,A2,Покупки,Oxford
storm,n.,stɔːm,"шторм, буря",A violent <b>storm</b> damaged several roofs.,A2,Погода,Oxford
stove,n.,stəʊv,плита,The pot is cooking on the kitchen <b>stove</b>.,A2,Быт,Oxford
straight,adj.,streɪt,прямой,Walk <b>straight</b> ahead for two blocks.,A2,Навигация,Oxford
strange,adj.,streɪndʒ,странный,I heard a <b>strange</b> noise outside.,A2,Описание,Oxford
stranger,n.,ˈstreɪndʒə(r),незнакомец,Do not talk to a <b>stranger</b> in the street.,A2,Общество,Oxford
strategy,n.,ˈstrætədʒi,стратегия,We need a clear business <b>strategy</b>.,A2,Бизнес,Oxford
stream,n.,striːm,ручей,Clean water flowed down the mountain <b>stream</b>.,A2,Природа,Oxford
strength,n.,streŋθ,сила,He showed great physical <b>strength</b>.,A2,Здоровье,Oxford
stress,n.,stres,стресс,Yoga helps to reduce mental <b>stress</b>.,A2,Здоровье,Oxford
stretch,v.,stretʃ,тянуть(ся),<b>Stretch</b> your legs after a long walk.,A2,Спорт,Oxford
strict,adj.,strɪkt,строгий,Our English teacher is quite <b>strict</b>.,A2,Характер,Oxford
strike,v.,straɪk,ударять,Workers decided to <b>strike</b> for higher pay.,A2,Работа,Oxford
string,n.,strɪŋ,"веревка, струна",Tie the box with a piece of <b>string</b>.,A2,Быт,Oxford
strongly,adv.,ˈstrɒŋli,сильно,I <b>strongly</b> advise you to see a doctor.,A2,Общение,Oxford
structure,n.,ˈstrʌktʃə(r),структура,We examined the <b>structure</b> of the building.,A2,Наука,Oxford
studio,n.,ˈstjuːdiəʊ,студия,The artist works in a bright <b>studio</b>.,A2,Искусство,Oxford
stuff,n.,stʌf,"вещи, штуки",Put your personal <b>stuff</b> in the bag.,A2,Предметы,Oxford
stupid,adj.,ˈstjuːpɪd,глупый,Don't make <b>stupid</b> decisions without thinking.,A2,Характер,Oxford
succeed,v.,səkˈsiːd,добиваться успеха,"If you work hard, you will <b>succeed</b>.",A2,Успех,Oxford
successful,adj.,səkˈsesfl,успешный,He is running a <b>successful</b> company.,A2,Успех,Oxford
such,det.,sʌtʃ,такой,It was <b>such</b> a wonderful movie.,A2,Описание,Oxford
sudden,adj.,ˈsʌdn,внезапный,A <b>sudden</b> loud sound startled everyone.,A2,Описание,Oxford
suddenly,adv.,ˈsʌdənli,"вдруг, внезапно",The lights <b>suddenly</b> went out.,A2,Время,Oxford
suffer,v.,ˈsʌfə(r),страдать,Many people <b>suffer</b> from allergies in spring.,A2,Здоровье,Oxford
suggest,v.,səˈdʒest,предлагать,I <b>suggest</b> we take a short break.,A2,Общение,Oxford
suggestion,n.,səˈdʒestʃən,предложение,Thank you for your useful <b>suggestion</b>.,A2,Общение,Oxford
suit,n.,suːt,костюм,He wore a dark blue business <b>suit</b>.,A2,Одежда,Oxford
suitable,adj.,ˈsuːtəbl,подходящий,Wear <b>suitable</b> clothing for outdoor activities.,A2,Описание,Oxford
suitcase,n.,ˈsuːtkeɪs,чемодан,Pack your heavy <b>suitcase</b> carefully.,A2,Путешествия,Oxford
summary,n.,ˈsʌməri,краткое изложение,Write a short <b>summary</b> of the text.,A2,Обучение,Oxford
sunny,adj.,ˈsʌni,солнечный,It was a warm and <b>sunny</b> day.,A2,Погода,Oxford
supper,n.,ˈsʌpə(r),ужин,We had a light <b>supper</b> before bed.,A2,Еда,Oxford
support,v.,səˈpɔːt,поддерживать,Friends always <b>support</b> each other.,A2,Общение,Oxford
suppose,v.,səˈpəʊz,предполагать,I <b>suppose</b> you are right about this.,A2,Мышление,Oxford
surface,n.,ˈsɜːfɪs,поверхность,Clean the kitchen <b>surface</b> thoroughly.,A2,Быт,Oxford
surprise,n.,səˈpraɪz,сюрприз,The party was a complete <b>surprise</b>.,A2,Развлечения,Oxford
surprised,adj.,səˈpraɪzd,удивленный,She looked <b>surprised</b> to see us.,A2,Эмоции,Oxford
surprising,adj.,səˈpraɪzɪŋ,удивительный,He made <b>surprising</b> progress in school.,A2,Описание,Oxford
surround,v.,səˈraʊnd,окружать,High mountains <b>surround</b> the green valley.,A2,Природа,Oxford
survey,n.,ˈsɜːveɪ,"опрос, исследование",Fill out this customer <b>survey</b> online.,A2,Бизнес,Oxford
survive,v.,səˈvaɪv,выживать,Few plants can <b>survive</b> in extreme cold.,A2,Природа,Oxford
switch,v.,swɪtʃ,переключать,<b>Switch</b> off the light before you leave.,A2,Быт,Oxford
symbol,n.,ˈsɪmbl,символ,The dove is a global <b>symbol</b> of peace.,A2,Общество,Oxford
system,n.,ˈsɪstəm,система,The computer <b>system</b> needs an update.,A2,Технологии,Oxford
raise,v.,reɪz,"поднимать, воспитывать",Please <b>raise</b> your hand if you have a question.,A2,Действия,Oxford
reach,v.,riːtʃ,"достигать, добираться",We hope to <b>reach</b> the hotel before dark.,A2,Путешествия,Oxford
react,v.,riˈækt,реагировать,How did she <b>react</b> to the unexpected news?,A2,Эмоции,Oxford
realize,v.,ˈriːəlaɪz,"осознавать, понимать",I didn't <b>realize</b> how late it was.,A2,Мышление,Oxford
recent,adj.,ˈriːsnt,недавний,I read about it in a <b>recent</b> newspaper article.,A2,Время,Oxford
recently,adv.,ˈriːsntli,недавно,They have <b>recently</b> moved to a new house.,A2,Время,Oxford
reception,n.,rɪˈsepʃn,"регистрация, приемная",Please leave your keys at the hotel <b>reception</b>.,A2,Отель,Oxford
recipe,n.,ˈresəpi,рецепт,Follow this simple <b>recipe</b> to bake a cake.,A2,Еда,Oxford
recognize,v.,ˈrekəɡnaɪz,"узнавать, признавать",I didn't <b>recognize</b> him with his new haircut.,A2,Общение,Oxford
recommend,v.,ˌrekəˈmend,рекомендовать,Can you <b>recommend</b> a good local restaurant?,A2,Еда,Oxford
record,n.,ˈrekɔːd,"запись, рекорд",He set a new world <b>record</b> in swimming.,A2,Спорт,Oxford
recover,v.,rɪˈkʌvə(r),"выздоравливать, восстанавливаться",It took him a week to <b>recover</b> from the flu.,A2,Здоровье,Oxford
reduce,v.,rɪˈdjuːs,"уменьшать, снижать",We need to <b>reduce</b> waste in our household.,A2,Экология,Oxford
refuse,v.,rɪˈfjuːz,отказываться,He decided to <b>refuse</b> the job offer.,A2,Работа,Oxford
regional,adj.,ˈriːdʒənl,региональный,The company opened a new <b>regional</b> office.,A2,Бизнес,Oxford
register,v.,ˈredʒɪstə(r),регистрироваться,You need to <b>register</b> online before attending.,A2,Обучение,Oxford
regret,v.,rɪˈɡret,сожалеть,I <b>regret</b> not studying harder for the exam.,A2,Эмоции,Oxford
regular,adj.,ˈreɡjələ(r),"регулярный, обычный",He makes <b>regular</b> visits to the dentist.,A2,Здоровье,Oxford
regularly,adv.,ˈreɡjələli,регулярно,She exercises <b>regularly</b> to stay healthy.,A2,Здоровье,Oxford
relationship,n.,rɪˈleɪʃnʃɪp,отношения,They have a strong and trustful <b>relationship</b>.,A2,Семья,Oxford
relaxed,adj.,rɪˈlækst,расслабленный,He felt <b>relaxed</b> after the warm bath.,A2,Эмоции,Oxford
relaxing,adj.,rɪˈlæksɪŋ,расслабляющий,Listening to calm music is very <b>relaxing</b>.,A2,Досуг,Oxford
reliable,adj.,rɪˈlaɪəbl,надежный,She is a <b>reliable</b> worker who never arrives late.,A2,Работа,Oxford
religion,n.,rɪˈlɪdʒən,религия,Freedom of <b>religion</b> is an important right.,A2,Общество,Oxford
remain,v.,rɪˈmeɪn,оставаться,Please <b>remain</b> seated until the plane stops.,A2,Транспорт,Oxford
remind,v.,rɪˈmaɪnd,напоминать,Please <b>remind</b> me to call the doctor tomorrow.,A2,Общение,Oxford
remote,adj.,rɪˈməʊt,"удаленный, далекий",They live in a <b>remote</b> village in the mountains.,A2,География,Oxford
remove,v.,rɪˈmuːv,"удалять, снимать",Please <b>remove</b> your shoes before entering.,A2,Быт,Oxford
rent,v.,rent,"арендовать, снимать",We plan to <b>rent</b> an apartment near the sea.,A2,Дом,Oxford
repair,v.,rɪˈpeə(r),ремонтировать,He managed to <b>repair</b> the broken bicycle.,A2,Быт,Oxford
replace,v.,rɪˈpleɪs,заменять,We need to <b>replace</b> the old light bulb.,A2,Быт,Oxford
reply,v.,rɪˈplaɪ,отвечать,Please <b>reply</b> to this message as soon as possible.,A2,Общение,Oxford
reporter,n.,rɪˈpɔːtə(r),репортер,The news <b>reporter</b> interviewed local residents.,A2,Медиа,Oxford
request,n.,rɪˈkwest,"просьба, запрос",The manager granted her <b>request</b> for leave.,A2,Работа,Oxford
require,v.,rɪˈkwaɪə(r),требовать,This job does not <b>require</b> previous experience.,A2,Работа,Oxford
rescue,v.,ˈreskjuː,спасать,Firefighters managed to <b>rescue</b> the cat.,A2,Безопасность,Oxford
research,n.,rɪˈsɜːtʃ,исследование,Scientists conduct <b>research</b> on renewable energy.,A2,Наука,Oxford
reservation,n.,ˌrezəˈveɪʃn,бронирование,I made a dinner <b>reservation</b> for two people.,A2,Сервис,Oxford
reserve,v.,rɪˈzɜːv,"бронировать, резервировать",You should <b>reserve</b> your tickets in advance.,A2,Путешествия,Oxford
respect,n.,rɪˈspekt,уважение,Show <b>respect</b> to your elders at all times.,A2,Общество,Oxford
respond,v.,rɪˈspɒnd,"отвечать, реагировать",He failed to <b>respond</b> to my email on time.,A2,Общение,Oxford
response,n.,rɪˈspɒns,"ответ, реакция",We received a quick <b>response</b> to our inquiry.,A2,Общение,Oxford
responsible,adj.,rɪˈspɒnsəbl,ответственный,She is <b>responsible</b> for organizing the event.,A2,Работа,Oxford
rest,n.,rest,"отдых, остаток",Take a short <b>rest</b> after walking so far.,A2,Здоровье,Oxford
retire,v.,rɪˈtaɪə(r),уходить на пенсию,My father plans to <b>retire</b> next year.,A2,Работа,Oxford
retired,adj.,rɪˈtaɪəd,"на пенсии, в отставке",My grandmother is a <b>retired</b> teacher.,A2,Семья,Oxford
review,n.,rɪˈvjuː,"обзор, отзыв",I read a positive <b>review</b> about this film.,A2,Медиа,Oxford
revise,v.,rɪˈvaɪz,"повторять, пересматривать",Students need to <b>revise</b> before the exam.,A2,Обучение,Oxford
reward,n.,rɪˈwɔːd,награда,Hard work usually brings a fair <b>reward</b>.,A2,Успех,Oxford
ring,n.,rɪŋ,"кольцо, звонок",She wore a silver <b>ring</b> on her finger.,A2,Стиль,Oxford
rise,v.,raɪz,"подниматься, расти",Prices continue to <b>rise</b> every month.,A2,Экономика,Oxford
risk,n.,rɪsk,риск,Taking unnecessary <b>risk</b>s can be dangerous.,A2,Безопасность,Oxford
robot,n.,ˈrəʊbɒt,робот,The factory uses a <b>robot</b> to assemble parts.,A2,Технологии,Oxford
rock,n.,rɒk,"скала, рок-музыка",They sat on a large <b>rock</b> near the sea.,A2,Природа,Oxford
role,n.,rəʊl,роль,She played a major <b>role</b> in the new film.,A2,Искусство,Oxford
roll,v.,rəʊl,"катить(ся), сворачивать",Watch the ball <b>roll</b> down the slope.,A2,Действия,Oxford
romantic,adj.,rəʊˈmæntɪk,романтичный,They had a <b>romantic</b> dinner by candlelight.,A2,Отношения,Oxford
roof,n.,ruːf,крыша,Rain was dripping from the damaged <b>roof</b>.,A2,Дом,Oxford
rope,n.,rəʊp,веревка,Tie the boat securely with a strong <b>rope</b>.,A2,Быт,Oxford
rough,adj.,rʌf,"грубый, шероховатый",The sea was very <b>rough</b> during the storm.,A2,Описание,Oxford
round,adj.,raʊnd,круглый,The dining table has a <b>round</b> shape.,A2,Описание,Oxford
route,n.,ruːt,маршрут,We chose the fastest <b>route</b> to the airport.,A2,Навигация,Oxford
royal,adj.,ˈrɔɪəl,королевский,They visited the <b>royal</b> palace in London.,A2,История,Oxford
rub,v.,rʌb,тереть,<b>Rub</b> your hands together to stay warm.,A2,Действия,Oxford
rubber,n.,ˈrʌbə(r),"резина, ластик",Tires are made from durable <b>rubber</b>.,A2,Предметы,Oxford
rubbish,n.,ˈrʌbɪʃ,мусор,Please throw your <b>rubbish</b> in the bin.,A2,Быт,Oxford
rude,adj.,ruːd,"грубый, невоспитанный",It is <b>rude</b> to interrupt when someone is speaking.,A2,Общение,Oxford
rugby,n.,ˈrʌɡbi,регби,He plays <b>rugby</b> for his university team.,A2,Спорт,Oxford
ruler,n.,ˈruːlə(r),"линейка, правитель",Use a <b>ruler</b> to draw a straight line.,A2,Обучение,Oxford
rural,adj.,ˈrʊərəl,сельский,They prefer living in a quiet <b>rural</b> area.,A2,География,Oxford
rush,v.,rʌʃ,"спешить, торопиться","Don't <b>rush</b>, take your time to decide.",A2,Действия,Oxford
qualification,n.,ˌkwɒlɪfɪˈkeɪʃn,"квалификация, диплом",She has a recognized teaching <b>qualification</b>.,A2,Обучение,Oxford
quality,n.,ˈkwɒləti,качество,We guarantee the high <b>quality</b> of our products.,A2,Покупки,Oxford
quantity,n.,ˈkwɒntəti,количество,They produce goods in large <b>quantity</b>.,A2,Количество,Oxford
queen,n.,kwiːn,королева,The <b>queen</b> greeted the visitors warmly.,A2,История,Oxford
queue,n.,kjuː,очередь,We had to wait in a long <b>queue</b> for tickets.,A2,Общество,Oxford
quietly,adv.,ˈkwaɪətli,тихо,She closed the bedroom door <b>quietly</b>.,A2,Описание,Oxford
quit,v.,kwɪt,"бросать, увольняться",He decided to <b>quit</b> his job last week.,A2,Работа,Oxford
quiz,n.,kwɪz,"викторина, тест",We won the weekly pub <b>quiz</b>.,A2,Развлечения,Oxford
pack,v.,pæk,упаковывать,I need to <b>pack</b> my suitcase for the trip.,A2,Путешествия,Oxford
pain,n.,peɪn,боль,He felt a sharp <b>pain</b> in his lower back.,A2,Здоровье,Oxford
painful,adj.,ˈpeɪnfl,болезненный,Her arm was bruised and very <b>painful</b>.,A2,Здоровье,Oxford
painter,n.,ˈpeɪntə(r),"художник, маляр",The <b>painter</b> finished working on the portrait.,A2,Профессии,Oxford
palace,n.,ˈpæləs,дворец,The royal family lives in a magnificent <b>palace</b>.,A2,История,Oxford
pale,adj.,peɪl,бледный,She looked quite <b>pale</b> after hearing the news.,A2,Описание,Oxford
parcel,n.,ˈpɑːsl,посылка,The postman delivered a small <b>parcel</b> today.,A2,Почта,Oxford
pardon,excl.,ˈpɑːdn,прошу прощения,"<b>Pardon</b>? Could you repeat that, please?",A2,Общение,Oxford
parking,n.,ˈpɑːkɪŋ,парковка,Finding a <b>parking</b> spot in the city is hard.,A2,Транспорт,Oxford
particular,adj.,pəˈtɪkjələ(r),"особенный, конкретный",Is there a <b>particular</b> reason for your visit?,A2,Описание,Oxford
pass,v.,pɑːs,"проходить, сдавать (экзамен)",She worked hard to <b>pass</b> her driving test.,A2,Обучение,Oxford
passenger,n.,ˈpæsɪndʒə(r),пассажир,Every <b>passenger</b> must wear a seatbelt.,A2,Транспорт,Oxford
password,n.,ˈpɑːswɜːd,пароль,Enter your account <b>password</b> to log in.,A2,Технологии,Oxford
past,prep.,pɑːst,"мимо, после",Walk <b>past</b> the bank and turn left.,A2,Навигация,Oxford
patient,n.,ˈpeɪʃnt,пациент,The doctor examined the young <b>patient</b>.,A2,Здоровье,Oxford
pattern,n.,ˈpætn,"узор, шаблон",She bought a shirt with a floral <b>pattern</b>.,A2,Стиль,Oxford
payment,n.,ˈpeɪmənt,"платеж, оплата",They accepted online <b>payment</b> for the tickets.,A2,Деньги,Oxford
peace,n.,piːs,"мир, покой",They moved to the village to enjoy some <b>peace</b>.,A2,Общество,Oxford
peaceful,adj.,ˈpiːsfl,"мирный, спокойный",It was a calm and <b>peaceful</b> morning.,A2,Описание,Oxford
perform,v.,pəˈfɔːm,"выступать, исполнять",The band will <b>perform</b> live on stage tonight.,A2,Развлечения,Oxford
performance,n.,pəˈfɔːməns,"выступление, представление",Their theater <b>performance</b> was truly spectacular.,A2,Культура,Oxford
perhaps,adv.,pəˈhæps,"возможно, может быть",<b>Perhaps</b> we should try another approach.,A2,Общение,Oxford
permanent,adj.,ˈpɜːmənənt,постоянный,He finally found a <b>permanent</b> job.,A2,Работа,Oxford
permission,n.,pəˈmɪʃn,разрешение,You need <b>permission</b> to park your car here.,A2,Закон,Oxford
personal,adj.,ˈpɜːsənl,личный,Please keep your <b>personal</b> belongings safe.,A2,Общее,Oxford
personality,n.,ˌpɜːsəˈnæləti,"личность, характер",He has a bright and outgoing <b>personality</b>.,A2,Характер,Oxford
petrol,n.,ˈpetrəl,бензин,We stopped at the station to get <b>petrol</b>.,A2,Транспорт,Oxford
physical,adj.,ˈfɪzɪkl,физический,Regular <b>physical</b> exercise keeps you fit.,A2,Здоровье,Oxford
physics,n.,ˈfɪzɪks,физика,He enjoys studying mathematics and <b>physics</b>.,A2,Обучение,Oxford
pick,v.,pɪk,"выбирать, собирать",Help me <b>pick</b> a good dress for the party.,A2,Действия,Oxford
picnic,n.,ˈpɪknɪk,пикник,We had a pleasant <b>picnic</b> in the park.,A2,Досуг,Oxford
pile,n.,paɪl,"куча, стопка",There is a high <b>pile</b> of books on the desk.,A2,Предметы,Oxford
pill,n.,pɪl,таблетка,Take one <b>pill</b> after breakfast every day.,A2,Здоровье,Oxford
pilot,n.,ˈpaɪlət,пилот,The airline <b>pilot</b> greeted the passengers.,A2,Профессии,Oxford
pipe,n.,paɪp,труба,Water leaked from a broken <b>pipe</b>.,A2,Дом,Oxford
pity,n.,ˈpɪti,"жалость, сожаление",It is a <b>pity</b> that you cannot come with us.,A2,Эмоции,Oxford
pizza,n.,ˈpiːtsə,пицца,Let's order a hot cheese <b>pizza</b> for dinner.,A2,Еда,Oxford
plain,adj.,pleɪn,"простой, однотонный",He wore a <b>plain</b> white cotton t-shirt.,A2,Стиль,Oxford
pleased,adj.,pliːzd,довольный,She was very <b>pleased</b> with her exam marks.,A2,Эмоции,Oxford
pleasure,n.,ˈpleʒə(r),удовольствие,It was a true <b>pleasure</b> to meet you.,A2,Эмоции,Oxford
plenty,pron.,ˈplenti,"много, достаточно","Don't rush, we have <b>plenty</b> of time.",A2,Количество,Oxford
pocket,n.,ˈpɒkɪt,карман,He put his hands in his coat <b>pocket</b>s.,A2,Одежда,Oxford
poem,n.,ˈpəʊɪm,стихотворение,She wrote a romantic <b>poem</b> for his birthday.,A2,Искусство,Oxford
policy,n.,ˈpɒləsi,"политика, правила",The company updated its privacy <b>policy</b>.,A2,Бизнес,Oxford
polite,adj.,pəˈlaɪt,вежливый,He is always very <b>polite</b> to customers.,A2,Характер,Oxford
pollution,n.,pəˈluːʃn,загрязнение,Air <b>pollution</b> is a serious problem in cities.,A2,Экология,Oxford
population,n.,ˌpɒpjuˈleɪʃn,население,The city has a growing <b>population</b>.,A2,Общество,Oxford
position,n.,pəˈzɪʃn,"позиция, должность",He applied for a management <b>position</b>.,A2,Работа,Oxford
positive,adj.,ˈpɒzətɪv,положительный,Maintain a <b>positive</b> attitude during hard times.,A2,Мышление,Oxford
possibility,n.,ˌpɒsəˈbɪləti,возможность,There is a <b>possibility</b> of snow tomorrow.,A2,Описание,Oxford
pour,v.,pɔː(r),наливать,"Can you <b>pour</b> me some tea, please?",A2,Еда,Oxford
power,n.,ˈpaʊə(r),"сила, энергия",The storm caused a <b>power</b> outage last night.,A2,Наука,Oxford
powerful,adj.,ˈpaʊəfl,"мощный, сильный",The car has a <b>powerful</b> engine.,A2,Описание,Oxford
practical,adj.,ˈpræktɪkl,практичный,Wear <b>practical</b> shoes for walking in the mountains.,A2,Описание,Oxford
predict,v.,prɪˈdɪkt,предсказывать,It is hard to <b>predict</b> the weather accurately.,A2,Мышление,Oxford
presentation,n.,ˌpreznˈteɪʃn,презентация,She gave an excellent <b>presentation</b> at work.,A2,Работа,Oxford
president,n.,ˈprezɪdənt,президент,The <b>president</b> delivered a speech to the nation.,A2,Политика,Oxford
press,v.,pres,нажимать,<b>Press</b> the green button to start the machine.,A2,Технологии,Oxford
prevent,v.,prɪˈvent,предотвращать,Wash your hands to <b>prevent</b> illness.,A2,Здоровье,Oxford
previous,adj.,ˈpriːviəs,предыдущий,"In the <b>previous</b> lesson, we learned past tense.",A2,Время,Oxford
priest,n.,priːst,священник,The <b>priest</b> spoke warmly to the congregation.,A2,Религия,Oxford
primary,adj.,ˈpraɪməri,начальный,My daughter goes to a local <b>primary</b> school.,A2,Обучение,Oxford
prince,n.,prɪns,принц,The story is about a brave young <b>prince</b>.,A2,Сказки,Oxford
princess,n.,prɪnˈses,принцесса,The <b>princess</b> lived in a tall tower.,A2,Сказки,Oxford
print,v.,prɪnt,печатать,I need to <b>print</b> these documents for the meeting.,A2,Офис,Oxford
prison,n.,ˈprɪzn,тюрьма,The thief was sent to <b>prison</b> for two years.,A2,Закон,Oxford
private,adj.,ˈpraɪvət,"частный, личный","This is <b>private</b> property, do not enter.",A2,Закон,Oxford
prize,n.,praɪz,"приз, награда",She won first <b>prize</b> in the competition.,A2,Успех,Oxford
probably,adv.,ˈprɒbəbli,вероятно,I will <b>probably</b> stay home tonight.,A2,Описание,Oxford
process,n.,ˈprəʊses,процесс,Learning a language is a slow <b>process</b>.,A2,Обучение,Oxford
produce,v.,prəˈdjuːs,производить,The factory <b>produce</b>s high-quality goods.,A2,Бизнес,Oxford
product,n.,ˈprɒdʌkt,"продукт, товар",This is our most popular <b>product</b>.,A2,Покупки,Oxford
professional,adj.,prəˈfeʃənl,профессиональный,Seek <b>professional</b> advice from a doctor.,A2,Работа,Oxford
professor,n.,prəˈfesə(r),профессор,The <b>professor</b> gave a lecture on biology.,A2,Обучение,Oxford
profile,n.,ˈprəʊfaɪl,профиль,Update your user <b>profile</b> with a photo.,A2,Технологии,Oxford
program,n.,ˈprəʊɡræm,программа,He wrote a computer <b>program</b> for the project.,A2,Технологии,Oxford
progress,n.,ˈprəʊɡres,"прогресс, успехи",She is making good <b>progress</b> in English.,A2,Успех,Oxford
promise,v.,ˈprɒmɪs,обещать,I <b>promise</b> to help you tomorrow.,A2,Общение,Oxford
promote,v.,prəˈməʊt,продвигать,They want to <b>promote</b> a healthy lifestyle.,A2,Маркетинг,Oxford
pronounce,v.,prəˈnaʊns,произносить,How do you <b>pronounce</b> this word?,A2,Обучение,Oxford
pronunciation,n.,prəˌnʌnsiˈeɪʃn,произношение,Good <b>pronunciation</b> helps clear communication.,A2,Обучение,Oxford
proof,n.,pruːf,доказательство,Do you have any <b>proof</b> of your identity?,A2,Закон,Oxford
proper,adj.,ˈprɒpə(r),"правильный, надлежащий",Make sure you wear <b>proper</b> clothing.,A2,Описание,Oxford
properly,adv.,ˈprɒpəli,должным образом,The machine is not working <b>properly</b>.,A2,Быт,Oxford
property,n.,ˈprɒpəti,"собственность, имущество",This land is private <b>property</b>.,A2,Закон,Oxford
protect,v.,prəˈtekt,защищать,Wear sunscreen to <b>protect</b> your skin.,A2,Здоровье,Oxford
proud,adj.,praʊd,гордый,Her parents were very <b>proud</b> of her success.,A2,Эмоции,Oxford
prove,v.,pruːv,доказывать,Can you <b>prove</b> that your theory is correct?,A2,Наука,Oxford
provide,v.,prəˈvaɪd,предоставлять,The hotel will <b>provide</b> free breakfast.,A2,Сервис,Oxford
public,adj.,ˈpʌblɪk,общественный,Use <b>public</b> transport to travel cheap.,A2,Общество,Oxford
publish,v.,ˈpʌblɪʃ,публиковать,They plan to <b>publish</b> a new book next year.,A2,Книги,Oxford
punish,v.,ˈpʌnɪʃ,наказывать,Teachers should not <b>punish</b> students harshly.,A2,Обучение,Oxford
pupil,n.,ˈpjuːpl,ученик,Every <b>pupil</b> in the class passed.,A2,Обучение,Oxford
purpose,n.,ˈpɜːpəs,"цель, назначение",What is the main <b>purpose</b> of this meeting?,A2,Общее,Oxford
purse,n.,pɜːs,женский кошелек,She kept her money in a leather <b>purse</b>.,A2,Покупки,Oxford
puzzle,n.,ˈpʌzl,"головоломка, пазл",He solved the crossword <b>puzzle</b> quickly.,A2,Досуг,Oxford
obey,v.,əˈbeɪ,"подчиняться, слушаться",Dogs must learn to <b>obey</b> basic commands.,A2,Поведение,Oxford
obvious,adj.,ˈɒbviəs,очевидный,It was an <b>obvious</b> mistake from the start.,A2,Описание,Oxford
obviously,adv.,ˈɒbviəsli,очевидно,She is <b>obviously</b> very talented at drawing.,A2,Описание,Oxford
occasion,n.,əˈkeɪʒn,"случай, повод",A wedding is a formal <b>occasion</b> for family.,A2,Праздники,Oxford
occasionally,adv.,əˈkeɪʒnəli,время от времени,We <b>occasionally</b> eat out at weekends.,A2,Время,Oxford
ocean,n.,ˈəʊʃn,океан,They sailed across the Atlantic <b>ocean</b>.,A2,Природа,Oxford
offer,v.,ˈɒfə(r),предлагать,Can I <b>offer</b> you a glass of cold water?,A2,Общение,Oxford
officer,n.,ˈɒfɪsə(r),"офицер, сотрудник",The police <b>officer</b> asked for my identity card.,A2,Работа,Oxford
official,adj.,əˈfɪʃl,официальный,Wait for the <b>official</b> announcement before deciding.,A2,Информация,Oxford
old-fashioned,adj.,ˌəʊld ˈfæʃnd,старомодный,He wears <b>old-fashioned</b> clothes from the eighties.,A2,Стиль,Oxford
onto,prep.,ˈɒntə,на (поверхность),The cat jumped <b>onto</b> the kitchen table.,A2,Место,Oxford
opening,n.,ˈəʊpnɪŋ,"открытие, вакансия",We attended the grand <b>opening</b> of the new museum.,A2,События,Oxford
operate,v.,ˈɒpəreɪt,"работать, управлять",He knows how to <b>operate</b> this complex machine.,A2,Технологии,Oxford
opportunity,n.,ˌɒpəˈtjuːnəti,возможность,Don't miss this great career <b>opportunity</b>.,A2,Успех,Oxford
option,n.,ˈɒpʃn,"вариант, выбор",We have no other <b>option</b> left at this moment.,A2,Описание,Oxford
ordinary,adj.,ˈɔːdnri,обычный,It was just an <b>ordinary</b> working day for us.,A2,Описание,Oxford
organization,n.,ˌɔːɡənaɪˈzeɪʃn,организация,She works for an international <b>organization</b>.,A2,Работа,Oxford
organize,v.,ˈɔːɡənaɪz,организовывать,Let's <b>organize</b> a surprise party for her.,A2,События,Oxford
original,adj.,əˈrɪdʒənl,"оригинальный, первоначальный",This is the <b>original</b> version of the painting.,A2,Искусство,Oxford
originally,adv.,əˈrɪdʒənəli,изначально,The house was <b>originally</b> built in nineteen twenty.,A2,История,Oxford
other,det.,ˈʌðə(r),другой,Do you have any <b>other</b> questions regarding this?,A2,Описание,Oxford
otherwise,adv.,ˈʌðəwaɪz,"иначе, в противном случае","Hurry up, <b>otherwise</b> we will be late for the train.",A2,Общение,Oxford
ought to,modal v.,ˈɔːt tu,"следует, должен",You <b>ought to</b> see a doctor about that cough.,A2,Здоровье,Oxford
ourselves,pron.,ˌaʊəˈselvz,"мы сами, себя",We can finish this project by <b>ourselves</b>.,A2,Местоимения,Oxford
outdoor,adj.,ˈaʊtdɔː(r),"открытый, на свежем воздухе",They enjoy <b>outdoor</b> sports activities in summer.,A2,Досуг,Oxford
outdoors,adv.,ˌaʊtˈdɔːz,"на улице, на открытом воздухе",It is pleasant to sit <b>outdoors</b> today.,A2,Место,Oxford
outer,adj.,ˈaʊtə(r),внешний,Remove the <b>outer</b> layer of the packaging.,A2,Описание,Oxford
outside,prep.,ˌaʊtˈsaɪd,"снаружи, вне",Wait for me <b>outside</b> the main building.,A2,Место,Oxford
oven,n.,ˈʌvn,"духовка, печь",Bake the cake in a hot <b>oven</b> for thirty minutes.,A2,Быт,Oxford
owner,n.,ˈəʊnə(r),владелец,The <b>owner</b> of the restaurant greeted us warmly.,A2,Бизнес,Oxford
nail,n.,neɪl,"гвоздь, ноготь",He hit the <b>nail</b> with a heavy hammer.,A2,Быт,Oxford
naked,adj.,ˈneɪkɪd,голый,The trees looked completely <b>naked</b> in winter.,A2,Описание,Oxford
narrow,adj.,ˈnærəʊ,узкий,They drove along a <b>narrow</b> country road.,A2,Описание,Oxford
nation,n.,ˈneɪʃn,"нация, народ",The president addressed the whole <b>nation</b>.,A2,Общество,Oxford
national,adj.,ˈnæʃnəl,национальный,Blue is their <b>national</b> sports colour.,A2,Общество,Oxford
native,adj.,ˈneɪtɪv,родной,English is not her <b>native</b> language.,A2,Общество,Oxford
naturally,adv.,ˈnætʃrəli,естественно,She is <b>naturally</b> good at mathematics.,A2,Описание,Oxford
nature,n.,ˈneɪtʃə(r),природа,We love spending time outdoors in <b>nature</b>.,A2,Природа,Oxford
nearly,adv.,ˈnɪəli,почти,It took <b>nearly</b> three hours to drive home.,A2,Время,Oxford
neat,adj.,niːt,аккуратный,Her room is always clean and <b>neat</b>.,A2,Быт,Oxford
necessary,adj.,ˈnesəsəri,необходимый,Sleep is <b>necessary</b> for good health.,A2,Здоровье,Oxford
neck,n.,nek,шея,She wrapped a warm scarf around her <b>neck</b>.,A2,Тело,Oxford
needle,n.,ˈniːdl,игла,She threaded the <b>needle</b> to sew a button.,A2,Быт,Oxford
neighbourhood,n.,ˈneɪbəhʊd,"район, окрестности",It is a safe and quiet <b>neighbourhood</b>.,A2,Город,Oxford
neither,det.,ˈnaɪðə(r),ни тот ни другой,<b>Neither</b> answer was completely correct.,A2,Описание,Oxford
nervous,adj.,ˈnɜːvəs,"нервный, взволнованный",He felt <b>nervous</b> before his job interview.,A2,Эмоции,Oxford
nest,n.,nest,гнездо,The bird built a small <b>nest</b> in the tree.,A2,Природа,Oxford
net,n.,net,сетка,Fish were caught in a strong <b>net</b>.,A2,Предметы,Oxford
network,n.,ˈnetwɜːk,сеть,The computer <b>network</b> went down yesterday.,A2,Технологии,Oxford
nightmare,n.,ˈnaɪtmeə(r),кошмар,I had a terrifying <b>nightmare</b> last night.,A2,Сны,Oxford
noisy,adj.,ˈnɔɪzi,шумный,The street was crowded and <b>noisy</b>.,A2,Описание,Oxford
none,pron.,nʌn,"никто, нисколько",<b>None</b> of the students failed the test.,A2,Количество,Oxford
normally,adv.,ˈnɔːməli,обычно,I <b>normally</b> wake up at seven o'clock.,A2,Время,Oxford
northeast,n.,ˌnɔːθ ˈiːst,северо-восток,The city is located in the <b>northeast</b>.,A2,География,Oxford
northwest,n.,ˌnɔːθ ˈwest,северо-запад,Cold winds blow from the <b>northwest</b>.,A2,География,Oxford
notebook,n.,ˈnəʊtbʊk,блокнот,Write down the details in your <b>notebook</b>.,A2,Обучение,Oxford
notice,v.,ˈnəʊtɪs,"замечать, обращать внимание",Did you <b>notice</b> her new hairstyle?,A2,Действия,Oxford
novel,n.,ˈnɒvl,роман,She is reading a classic historical <b>novel</b>.,A2,Книги,Oxford
nowhere,adv.,ˈnəʊweə(r),"нигде, никуда",There was <b>nowhere</b> to park the car.,A2,Место,Oxford
nut,n.,nʌt,орех,He added chopped <b>nut</b>s to the cake.,A2,Еда,Oxford
magic,n.,ˈmædʒɪk,магия,The children believed in <b>magic</b>.,A2,Развлечения,Oxford
mail,n.,meɪl,почта,Did you check your <b>mail</b> this morning?,A2,Общение,Oxford
main,adj.,meɪn,"главный, основной",This is the <b>main</b> reason for our decision.,A2,Описание,Oxford
mainly,adv.,ˈmeɪnli,"в основном, главным образом",The audience consisted <b>mainly</b> of young students.,A2,Описание,Oxford
major,adj.,ˈmeɪdʒə(r),"крупный, значительный",Traffic pollution is a <b>major</b> problem in big cities.,A2,Описание,Oxford
majority,n.,məˈdʒɒrəti,большинство,The vast <b>majority</b> voted in favour of the plan.,A2,Общество,Oxford
make-up,n.,ˈmeɪk ʌp,макияж,She put on light <b>make-up</b> before going out.,A2,Красота,Oxford
male,adj.,meɪl,мужской,The hospital hired a new <b>male</b> nurse.,A2,Описание,Oxford
mall,n.,mɔːl,торговый центр,They spent all Saturday afternoon at the shopping <b>mall</b>.,A2,Покупки,Oxford
manage,v.,ˈmænɪdʒ,"управлять, справляться",She learned how to <b>manage</b> her time effectively.,A2,Работа,Oxford
management,n.,ˈmænɪdʒmənt,управление,He studies business <b>management</b> at college.,A2,Бизнес,Oxford
manager,n.,ˈmænɪdʒə(r),"менеджер, управляющий",Speak to the restaurant <b>manager</b> if you have a complaint.,A2,Работа,Oxford
manner,n.,ˈmænə(r),"манера, способ",He greeted us in a polite and friendly <b>manner</b>.,A2,Общение,Oxford
march,v.,mɑːtʃ,"маршировать, шагать",Soldiers began to <b>march</b> through the town square.,A2,Общество,Oxford
mark,n.,mɑːk,"оценка, отметка",She got a high <b>mark</b> on her final test.,A2,Обучение,Oxford
marketing,n.,ˈmɑːkɪtɪŋ,маркетинг,She runs a successful digital <b>marketing</b> campaign.,A2,Бизнес,Oxford
marriage,n.,ˈmærɪdʒ,брак,They celebrated twenty years of happy <b>marriage</b>.,A2,Семья,Oxford
marry,v.,ˈmæri,"жениться, выходить замуж",They plan to <b>marry</b> next summer in Italy.,A2,Семья,Oxford
material,n.,məˈtɪəriəl,материал,Cotton is a light natural <b>material</b>.,A2,Предметы,Oxford
mathematics,n.,ˌmæθəˈmætɪks,математика,She excels in science and <b>mathematics</b>.,A2,Обучение,Oxford
maximum,adj.,ˈmæksɪməm,максимальный,The <b>maximum</b> speed on this highway is eighty km/h.,A2,Описание,Oxford
means,n.,miːnz,"средство, способы",Public transport is a cheap <b>means</b> of travel.,A2,Транспорт,Oxford
meanwhile,adv.,ˈmiːnwaɪl,"тем временем, между тем","Dinner will take an hour; <b>meanwhile</b>, let's chat.",A2,Время,Oxford
measure,v.,ˈmeʒə(r),измерять,Use a ruler to <b>measure</b> the length of the paper.,A2,Обучение,Oxford
measurement,n.,ˈmeʒəmənt,измерение,Take precise <b>measurement</b>s before cutting the wood.,A2,Обучение,Oxford
mechanic,n.,məˈkænɪk,механик,The car <b>mechanic</b> fixed the engine quickly.,A2,Профессии,Oxford
media,n.,ˈmiːdiə,средства массовой информации,Social <b>media</b> plays a huge role in modern life.,A2,Медиа,Oxford
medical,adj.,ˈmedɪkl,медицинский,He needed urgent <b>medical</b> treatment.,A2,Здоровье,Oxford
medicine,n.,ˈmedsn,лекарство,Take this <b>medicine</b> twice a day after meals.,A2,Здоровье,Oxford
medium,adj.,ˈmiːdiəm,средний,"I would like a <b>medium</b> cup of coffee, please.",A2,Количество,Oxford
melt,v.,melt,"таять, плавить",The ice began to <b>melt</b> under the warm sun.,A2,Природа,Oxford
memory,n.,ˈmeməri,память,He has a wonderful <b>memory</b> for names and faces.,A2,Мышление,Oxford
mention,v.,ˈmenʃn,упоминать,Did he <b>mention</b> when the meeting will start?,A2,Общение,Oxford
mess,n.,mes,беспорядок,"Clean up your room, it is a complete <b>mess</b>.",A2,Быт,Oxford
metal,n.,ˈmetl,металл,The gate is made of heavy black <b>metal</b>.,A2,Предметы,Oxford
method,n.,ˈmeθəd,метод,This is an effective <b>method</b> for learning vocabulary.,A2,Обучение,Oxford
middle,n.,ˈmɪdl,середина,There is a table in the <b>middle</b> of the room.,A2,Место,Oxford
mild,adj.,maɪld,мягкий,We enjoyed a warm and <b>mild</b> winter this year.,A2,Погода,Oxford
military,adj.,ˈmɪlətri,военный,He served in the <b>military</b> forces for three years.,A2,Общество,Oxford
mind,n.,maɪnd,"разум, ум",Keep an open <b>mind</b> when trying new things.,A2,Мышление,Oxford
mine,pron.,maɪn,мой,"This coat is <b>mine</b>, and that one is yours.",A2,Местоимения,Oxford
mineral,n.,ˈmɪnərəl,минерал,Vegetables contain essential vitamins and <b>mineral</b>s.,A2,Здоровье,Oxford
minimum,adj.,ˈmɪnɪməm,минимальный,The <b>minimum</b> age for this movie is sixteen.,A2,Описание,Oxford
minister,n.,ˈmɪnɪstə(r),министр,The prime <b>minister</b> gave a public press conference.,A2,Политика,Oxford
mirror,n.,ˈmɪrə(r),зеркало,She looked at her reflection in the wall <b>mirror</b>.,A2,Дом,Oxford
miserable,adj.,ˈmɪzrəbl,"несчастный, жалкий",He felt <b>miserable</b> after losing his phone.,A2,Эмоции,Oxford
missing,adj.,ˈmɪsɪŋ,"недостающий, пропавший",Two pages were <b>missing</b> from the report.,A2,Описание,Oxford
mix,v.,mɪks,смешивать,<b>Mix</b> the flour and eggs together in a bowl.,A2,Еда,Oxford
mixed,adj.,mɪkst,смешанный,She had <b>mixed</b> feelings about moving to another city.,A2,Эмоции,Oxford
mixture,n.,ˈmɪkstʃə(r),смесь,Pour the cake <b>mixture</b> into a baking tin.,A2,Еда,Oxford
modern,adj.,ˈmɒdn,современный,"The hotel features bright, <b>modern</b> furniture.",A2,Описание,Oxford
monitor,n.,ˈmɒnɪtə(r),монитор,He bought a larger <b>monitor</b> for his computer.,A2,Технологии,Oxford
mood,n.,muːd,настроение,She is in a great <b>mood</b> today.,A2,Эмоции,Oxford
most,det.,məʊst,большинство,<b>Most</b> students passed the final exam easily.,A2,Количество,Oxford
mostly,adv.,ˈməʊstli,в основном,The weather was <b>mostly</b> sunny during our vacation.,A2,Описание,Oxford
motorbike,n.,ˈməʊtəbaɪk,мотоцикл,He rides his <b>motorbike</b> to work every day.,A2,Транспорт,Oxford
movement,n.,ˈmuːvmənt,движение,Artists formed a new cultural <b>movement</b>.,A2,Общество,Oxford
mud,n.,mʌd,грязь,His boots were covered in thick brown <b>mud</b>.,A2,Природа,Oxford
murder,n.,ˈmɜːdə(r),убийство,The police officer investigated a serious <b>murder</b>.,A2,Закон,Oxford
muscle,n.,ˈmʌsl,мускул,Regular exercise helps build strong <b>muscle</b>s.,A2,Тело,Oxford
musician,n.,mjuˈzɪʃn,музыкант,The talented <b>musician</b> played a violin solo.,A2,Профессии,Oxford
mystery,n.,ˈmɪstri,тайна,The cause of the fire remains a <b>mystery</b>.,A2,Описание,Oxford
label,n.,ˈleɪbl,"этикетка, ярлык",Check the care <b>label</b> before washing the shirt.,A2,Покупки,Oxford
laboratory,n.,ləˈbɒrətri,лаборатория,Scientists conduct experiments in the <b>laboratory</b>.,A2,Наука,Oxford
lack,n.,læk,"нехватка, недостаток",His failure was due to a <b>lack</b> of preparation.,A2,Описание,Oxford
lady,n.,ˈleɪdi,"дама, леди",A polite young <b>lady</b> helped us find the room.,A2,Общество,Oxford
lake,n.,leɪk,озеро,We rented a small boat on the <b>lake</b>.,A2,Природа,Oxford
land,v.,lænd,"приземляться, садиться",The plane is expected to <b>land</b> in ten minutes.,A2,Путешествия,Oxford
landscape,n.,ˈlændskeɪp,"пейзаж, ландшафт",They stopped to admire the mountain <b>landscape</b>.,A2,Природа,Oxford
laptop,n.,ˈlæptɒp,ноутбук,I carry my <b>laptop</b> in a leather bag.,A2,Технологии,Oxford
latest,adj.,ˈleɪtɪst,"последний, свежий",Have you heard the <b>latest</b> news today?,A2,Информация,Oxford
law,n.,lɔː,закон,Everyone must respect the <b>law</b> of the country.,A2,Закон,Oxford
lawyer,n.,ˈlɔːjə(r),"юрист, адвокат",She consults a <b>lawyer</b> before signing contracts.,A2,Профессии,Oxford
lay,v.,leɪ,"класть, раскладывать",Please <b>lay</b> the plates on the table.,A2,Быт,Oxford
lazy,adj.,ˈleɪzi,ленивый,"Don't be <b>lazy</b>, get up and clean your room.",A2,Характер,Oxford
lead,v.,liːd,"вести, руководить",She will <b>lead</b> the marketing team.,A2,Работа,Oxford
leader,n.,ˈliːdə(r),"лидер, руководитель",A good <b>leader</b> listens to team members.,A2,Бизнес,Oxford
leaf,n.,liːf,лист (растения),A green <b>leaf</b> fell from the branch.,A2,Природа,Oxford
league,n.,liːɡ,"лига, союз",Their football club plays in the top <b>league</b>.,A2,Спорт,Oxford
lean,v.,liːn,"наклоняться, опираться",Do not <b>lean</b> against the glass door.,A2,Действия,Oxford
leather,n.,ˈleðə(r),кожа (материал),He bought a high-quality <b>leather</b> jacket.,A2,Одежда,Oxford
lecture,n.,ˈlektʃə(r),лекция,The university professor gave an inspiring <b>lecture</b>.,A2,Обучение,Oxford
length,n.,leŋθ,длина,Measure the total <b>length</b> of the table.,A2,Количество,Oxford
less,det.,les,меньше,Try to consume <b>less</b> sugar every day.,A2,Количество,Oxford
level,n.,ˈlevl,уровень,Her English <b>level</b> is currently A2.,A2,Обучение,Oxford
lift,v.,lɪft,поднимать,Can you help me <b>lift</b> this heavy crate?,A2,Действия,Oxford
likely,adj.,ˈlaɪkli,вероятный,It is <b>likely</b> to rain later this afternoon.,A2,Описание,Oxford
limit,n.,ˈlɪmɪt,"предел, ограничение",There is a speed <b>limit</b> on this road.,A2,Безопасность,Oxford
limited,adj.,ˈlɪmɪtɪd,ограниченный,Seating space in the hall is <b>limited</b>.,A2,Описание,Oxford
link,n.,lɪŋk,"ссылка, связь",Click on the <b>link</b> to open the website.,A2,Технологии,Oxford
liquid,n.,ˈlɪkwɪd,жидкость,"Water is a clear, essential <b>liquid</b>.",A2,Наука,Oxford
lively,adj.,ˈlaɪvli,"оживленный, бодрый",The city centre was full of <b>lively</b> music.,A2,Описание,Oxford
locate,v.,ləʊˈkeɪt,"обнаруживать, размещать",Can you <b>locate</b> the town on the map?,A2,Навигация,Oxford
location,n.,ləʊˈkeɪʃn,"местоположение, локация",The hotel is situated in a central <b>location</b>.,A2,География,Oxford
lock,v.,lɒk,запирать на замок,Remember to <b>lock</b> the front door.,A2,Безопасность,Oxford
logical,adj.,ˈlɒdʒɪkl,логичный,His explanation was very clear and <b>logical</b>.,A2,Мышление,Oxford
lonely,adj.,ˈləʊnli,одинокий,He felt <b>lonely</b> after moving to a new city.,A2,Эмоции,Oxford
loose,adj.,luːs,"свободный, широкий",She prefers wearing <b>loose</b> trousers when traveling.,A2,Одежда,Oxford
lorry,n.,ˈlɒri,грузовик,A big <b>lorry</b> was delivering goods to the shop.,A2,Транспорт,Oxford
loss,n.,lɒs,"потеря, утрата",The company suffered a heavy financial <b>loss</b>.,A2,Бизнес,Oxford
loudly,adv.,ˈlaʊdli,громко,Please do not speak <b>loudly</b> in the library.,A2,Общение,Oxford
lovely,adj.,ˈlʌvli,"прекрасный, милый",We had a <b>lovely</b> time at the beach.,A2,Описание,Oxford
low,adj.,ləʊ,низкий,The ceiling in this room is quite <b>low</b>.,A2,Описание,Oxford
luck,n.,lʌk,"удача, везение",I wish you good <b>luck</b> with your exam.,A2,Общее,Oxford
lucky,adj.,ˈlʌki,"удачливый, везучий",He was <b>lucky</b> to win the first prize.,A2,Эмоции,Oxford
luggage,n.,ˈlʌɡɪdʒ,багаж,Leave your heavy <b>luggage</b> in the room.,A2,Путешествия,Oxford
luxury,n.,ˈlʌkʃəri,роскошь,Staying at a five-star hotel is a true <b>luxury</b>.,A2,Стиль,Oxford
keyboard,n.,ˈkiːbɔːd,клавиатура,He bought a new wireless <b>keyboard</b>.,A2,Технологии,Oxford
kilogram,n.,ˈkɪləɡræm,килограмм,I bought a <b>kilogram</b> of fresh apples.,A2,Количество,Oxford
king,n.,kɪŋ,король,The <b>king</b> ruled the country for decades.,A2,История,Oxford
kiss,v.,kɪs,целовать,She <b>kissed</b> her child goodnight.,A2,Отношения,Oxford
kit,n.,kɪt,"набор, комплект",He carries a first aid <b>kit</b> in his car.,A2,Быт,Oxford
knock,v.,nɒk,стучать,Please <b>knock</b> before entering the room.,A2,Общение,Oxford
jam,n.,dʒæm,"джем, варенье",She spread strawberry <b>jam</b> on her toast.,A2,Еда,Oxford
jazz,n.,dʒæz,джаз,He loves listening to live <b>jazz</b> music.,A2,Музыка,Oxford
jewellery,n.,ˈdʒuːəlri,ювелирные изделия,She keeps her gold <b>jewellery</b> in a small box.,A2,Стиль,Oxford
joke,n.,dʒəʊk,шутка,He told a funny <b>joke</b> that made everyone laugh.,A2,Общение,Oxford
journal,n.,ˈdʒɜːnl,"журнал, дневник",She writes her daily thoughts in a personal <b>journal</b>.,A2,Книги,Oxford
journalist,n.,ˈdʒɜːnəlɪst,журналист,The <b>journalist</b> interviewed the famous actor.,A2,Профессии,Oxford
judge,n.,dʒʌdʒ,судья,The <b>judge</b> listened carefully to both sides in court.,A2,Закон,Oxford
jug,n.,dʒʌɡ,кувшин,"Pour some water from the glass <b>jug</b>, please.",A2,Дом,Oxford
jump,v.,dʒʌmp,прыгать,The cat managed to <b>jump</b> over the high fence.,A2,Действия,Oxford
jumper,n.,ˈdʒʌmpə(r),"джемпер, свитер",Wear a thick <b>jumper</b> because it is cold today.,A2,Одежда,Oxford
jungle,n.,ˈdʒʌŋɡl,джунгли,Many wild animals live in the tropical <b>jungle</b>.,A2,Природа,Oxford
ideal,adj.,aɪˈdiːəl,идеальный,It was an <b>ideal</b> place for a quiet vacation.,A2,Описание,Oxford
identify,v.,aɪˈdentɪfaɪ,"определять, опознавать",Can you <b>identify</b> the man in the picture?,A2,Информация,Oxford
identity,n.,aɪˈdentəti,"личность, идентичность",Proof of <b>identity</b> is required at check-in.,A2,Общество,Oxford
ignore,v.,ɪɡˈnɔː(r),"игнорировать, не замечать",You should not <b>ignore</b> medical advice.,A2,Поведение,Oxford
ill,adj.,ɪl,больной,She stayed at home because she felt <b>ill</b>.,A2,Здоровье,Oxford
illegal,adj.,ɪˈliːɡl,незаконный,It is <b>illegal</b> to park your car here.,A2,Закон,Oxford
illness,n.,ˈɪlnəs,"болезнь, заболевание",He recovered quickly from his short <b>illness</b>.,A2,Здоровье,Oxford
illustrate,v.,ˈɪləstreɪt,"иллюстрировать, пояснять",The chart helps to <b>illustrate</b> the points.,A2,Обучение,Oxford
image,n.,ˈɪmɪdʒ,изображение,Save the <b>image</b> to your desktop folder.,A2,Медиа,Oxford
imagination,n.,ˌɪmædʒɪˈneɪʃn,воображение,Children have a vivid and creative <b>imagination</b>.,A2,Мышление,Oxford
immediate,adj.,ɪˈmiːdiət,"немедленный, срочный",This problem requires an <b>immediate</b> answer.,A2,Время,Oxford
immediately,adv.,ɪˈmiːdiətli,немедленно,Please contact the office <b>immediately</b>.,A2,Время,Oxford
impact,n.,ˈɪmpækt,"влияние, воздействие",Technology has a massive <b>impact</b> on daily life.,A2,Общество,Oxford
impatient,adj.,ɪmˈpeɪʃnt,нетерпеливый,"Don't be so <b>impatient</b>, we will leave soon.",A2,Характер,Oxford
import,v.,ɪmˈpɔːt,импортировать,Countries <b>import</b> goods from around the world.,A2,Экономика,Oxford
importance,n.,ˈɪmpɔːtns,важность,He emphasized the <b>importance</b> of regular sleep.,A2,Общее,Oxford
impossible,adj.,ɪmˈpɒsəbl,невозможный,It is almost <b>impossible</b> to predict the weather.,A2,Описание,Oxford
impress,v.,ɪmˈpres,производить впечатление,He tried hard to <b>impress</b> his new boss.,A2,Эмоции,Oxford
impressed,adj.,ɪmˈprest,впечатленный,I was very <b>impressed</b> by her performance.,A2,Эмоции,Oxford
impression,n.,ɪmˈpreʃn,впечатление,First <b>impression</b>s are very important.,A2,Общение,Oxford
impressive,adj.,ɪmˈpresɪv,впечатляющий,The museum has an <b>impressive</b> art collection.,A2,Описание,Oxford
improvement,n.,ɪmˈpruːvmənt,улучшение,We noticed a huge <b>improvement</b> in his results.,A2,Успех,Oxford
incident,n.,ˈɪnsɪdənt,"инцидент, происшествие",Police are investigating the traffic <b>incident</b>.,A2,Происшествия,Oxford
included,adj.,ɪnˈkluːdɪd,включенный,Tax is already <b>included</b> in the bill.,A2,Покупки,Oxford
including,prep.,ɪnˈkluːdɪŋ,включая,"Everyone was present, <b>including</b> the guests.",A2,Общение,Oxford
increase,v.,ɪnˈkriːs,"увеличивать(ся), расти",Prices continue to <b>increase</b> every year.,A2,Экономика,Oxford
incredible,adj.,ɪnˈkredəbl,невероятный,The view from the mountain was <b>incredible</b>.,A2,Описание,Oxford
incredibly,adv.,ɪnˈkredəbli,невероятно,The exam questions were <b>incredibly</b> hard.,A2,Описание,Oxford
indeed,adv.,ɪnˈdiːd,"действительно, в самом деле",Thank you very much <b>indeed</b> for your help.,A2,Общение,Oxford
independent,adj.,ˌɪndɪˈpendənt,независимый,She is a strong and <b>independent</b> woman.,A2,Характер,Oxford
indicate,v.,ˈɪndɪkeɪt,"указывать, показывать",Signs <b>indicate</b> that a storm is coming.,A2,Информация,Oxford
individual,n.,ˌɪndɪˈvɪdʒuəl,"индивидуум, личность",Every <b>individual</b> has unique talents.,A2,Общество,Oxford
indoor,adj.,ˈɪndɔː(r),"комнатный, для помещений",They visited an <b>indoor</b> swimming pool.,A2,Досуг,Oxford
indoors,adv.,ˌɪnˈdɔːz,в помещении,"It is too cold to stay outdoors, let's go <b>indoors</b>.",A2,Место,Oxford
industry,n.,ˈɪndəstri,промышленность,The car <b>industry</b> employs thousands of people.,A2,Работа,Oxford
infection,n.,ɪnˈfekʃn,инфекция,Wash the wound to prevent an <b>infection</b>.,A2,Здоровье,Oxford
influence,n.,ˈɪnfluəns,влияние,Parents have a strong <b>influence</b> on children.,A2,Общество,Oxford
inform,v.,ɪnˈfɔːm,"информировать, сообщать",Please <b>inform</b> us if your plans change.,A2,Общение,Oxford
informal,adj.,ɪnˈfɔːml,неформальный,We had an <b>informal</b> chat over coffee.,A2,Общение,Oxford
ingredient,n.,ɪnˈɡriːdiənt,"ингредиент, составная часть",Fresh basil is a key <b>ingredient</b> in pesto.,A2,Еда,Oxford
initial,adj.,ɪˈnɪʃl,"первоначальный, начальный",Her <b>initial</b> reaction was sheer surprise.,A2,Описание,Oxford
initially,adv.,ɪˈnɪʃəli,изначально,"<b>Initially</b>, I did not like the main character.",A2,Время,Oxford
injure,v.,ˈɪndʒə(r),"травмировать, калечить",Be careful not to <b>injure</b> your knee.,A2,Здоровье,Oxford
injured,adj.,ˈɪndʒəd,травмированный,The <b>injured</b> player was taken off the field.,A2,Здоровье,Oxford
injury,n.,ˈɪndʒəri,травма,He suffered a leg <b>injury</b> during the match.,A2,Здоровье,Oxford
innocent,adj.,ˈɪnəsnt,невиновный,The jury decided that he was <b>innocent</b>.,A2,Закон,Oxford
insect,n.,ˈɪnsekt,насекомое,An <b>insect</b> bit her on the arm.,A2,Природа,Oxford
inside,prep.,ˌɪnˈsaɪd,внутри,Put the key <b>inside</b> the envelope.,A2,Место,Oxford
insist,v.,ɪnˈsɪst,настаивать,He <b>insist</b>s on paying for dinner.,A2,Общение,Oxford
inspire,v.,ɪnˈspaɪə(r),вдохновлять,Great leaders <b>inspire</b> their followers.,A2,Эмоции,Oxford
install,v.,ɪnˈstɔːl,устанавливать,He will <b>install</b> the new software today.,A2,Технологии,Oxford
instance,n.,ˈɪnstəns,пример,"For <b>instance</b>, you can choose a healthier diet.",A2,Обучение,Oxford
instead,adv.,ɪnˈsted,вместо этого,"I didn't drink coffee, I drank tea <b>instead</b>.",A2,Общение,Oxford
instruction,n.,ɪnˈstrʌkʃn,инструкция,Read the safety <b>instruction</b>s before use.,A2,Быт,Oxford
instructor,n.,ɪnˈstrʌktə(r),инструктор,The driving <b>instructor</b> was very patient.,A2,Профессии,Oxford
instrument,n.,ˈɪnstrəmənt,инструмент,Can you play any musical <b>instrument</b>?,A2,Музыка,Oxford
intelligent,adj.,ɪnˈtelɪdʒənt,умный,Dolphins are highly <b>intelligent</b> animals.,A2,Характер,Oxford
intend,v.,ɪnˈtend,намереваться,We <b>intend</b> to leave early tomorrow morning.,A2,Мышление,Oxford
intention,n.,ɪnˈtenʃn,намерение,He has no <b>intention</b> of giving up.,A2,Мышление,Oxford
internal,adj.,ɪnˈtɜːnl,внутренний,The company launched an <b>internal</b> review.,A2,Офис,Oxford
international,adj.,ˌɪntəˈnæʃnəl,международный,He flies on <b>international</b> routes.,A2,Путешествия,Oxford
interrupt,v.,ˌɪntəˈrʌpt,перебивать,Please do not <b>interrupt</b> while I speak.,A2,Общение,Oxford
interview,n.,ˈɪntəvjuː,интервью,She has a job <b>interview</b> on Monday.,A2,Работа,Oxford
introduce,v.,ˌɪntrəˈdjuːs,представлять,Allow me to <b>introduce</b> my colleague.,A2,Общение,Oxford
introduction,n.,ˌɪntrəˈdʌkʃn,введение,Write a short <b>introduction</b> to your essay.,A2,Обучение,Oxford
invent,v.,ɪnˈvent,изобретать,Who was the first person to <b>invent</b> the telephone?,A2,Наука,Oxford
invention,n.,ɪnˈvenʃn,изобретение,The computer is a revolutionary <b>invention</b>.,A2,Наука,Oxford
invest,v.,ɪnˈvest,инвестировать,It is wise to <b>invest</b> in real estate.,A2,Деньги,Oxford
investigate,v.,ɪnˈvestɪɡeɪt,расследовать,Detectives continue to <b>investigate</b> the crime.,A2,Закон,Oxford
investigation,n.,ɪnˌvestɪˈɡeɪʃn,расследование,Police launched a thorough <b>investigation</b>.,A2,Закон,Oxford
invitation,n.,ˌɪnvɪˈteɪʃn,приглашение,Did you receive an <b>invitation</b> to the wedding?,A2,Праздники,Oxford
involve,v.,ɪnˈvɒlv,"включать в себя, вовлекать",The project will <b>involve</b> team cooperation.,A2,Работа,Oxford
involved,adj.,ɪnˈvɒlvd,вовлеченный,She is deeply <b>involved</b> in charity work.,A2,Общество,Oxford
iron,n.,ˈaɪən,"железо, утюг",Use the hot <b>iron</b> to smooth out the shirt.,A2,Быт,Oxford
issue,n.,ˈɪʃuː,"проблема, вопрос",Environmental pollution is a global <b>issue</b>.,A2,Общество,Oxford
item,n.,ˈaɪtəm,"предмет, пункт",Check every <b>item</b> on the shopping list.,A2,Покупки,Oxford
itself,pron.,ɪtˈself,"сам, себя (для предметов)",The machine turns off by <b>itself</b>.,A2,Местоимения,Oxford
habit,n.,ˈhæbɪt,привычка,Smoking is a very unhealthy <b>habit</b>.,A2,Здоровье,Oxford
hairdresser,n.,ˈheədresə(r),парикмахер,She visits the <b>hairdresser</b> once a month.,A2,Профессии,Oxford
hall,n.,hɔːl,"холл, коридор",Leave your coat and shoes in the <b>hall</b>.,A2,Дом,Oxford
hand,v.,hænd,"передавать, вручать",Please <b>hand</b> me that document.,A2,Действия,Oxford
handle,v.,ˈhændl,"справляться, управлять",She knows how to <b>handle</b> stressful situations.,A2,Работа,Oxford
hang,v.,hæŋ,"вешать, висеть",You can <b>hang</b> your jacket on the hook.,A2,Быт,Oxford
happiness,n.,ˈhæpinəs,счастье,Family brings her immense <b>happiness</b>.,A2,Эмоции,Oxford
hardly,adv.,ˈhɑːdli,"едва, едва ли",I could <b>hardly</b> hear what he was saying.,A2,Описание,Oxford
headline,n.,ˈhedlaɪn,заголовок,The news <b>headline</b> caught my attention immediately.,A2,Медиа,Oxford
heating,n.,ˈhiːtɪŋ,отопление,"Turn up the central <b>heating</b>, it is freezing.",A2,Дом,Oxford
height,n.,haɪt,"рост, высота",He is almost two metres in <b>height</b>.,A2,Описание,Oxford
helpful,adj.,ˈhelpfl,"полезный, отзывчивый",The hotel reception staff were very <b>helpful</b>.,A2,Характер,Oxford
hero,n.,ˈhɪərəʊ,герой,The firefighter was treated as a national <b>hero</b>.,A2,Общество,Oxford
herself,pron.,hɜːˈself,"(она) сама, себя",She repaired the broken bicycle all by <b>herself</b>.,A2,Местоимения,Oxford
hide,v.,haɪd,прятать(ся),The cat likes to <b>hide</b> under the bed.,A2,Действия,Oxford
highlight,v.,ˈhaɪlaɪt,"выделять, подчеркивать",Please <b>highlight</b> the keywords in the text.,A2,Обучение,Oxford
highly,adv.,ˈhaɪli,"очень, весьма",She is a <b>highly</b> skilled professional doctor.,A2,Описание,Oxford
himself,pron.,hɪmˈself,"(он) сам, себя",He taught <b>himself</b> to play the piano.,A2,Местоимения,Oxford
hire,v.,ˈhaɪə(r),"нанимать, арендовать",They decided to <b>hire</b> a car for their road trip.,A2,Путешествия,Oxford
historic,adj.,hɪˈstɒrɪk,исторический,We visited a famous <b>historic</b> castle near the river.,A2,История,Oxford
historical,adj.,hɪˈstɒrɪkl,исторический (относящийся к истории),She loves reading <b>historical</b> fiction books.,A2,История,Oxford
hit,v.,hɪt,"ударять, бить",He managed to <b>hit</b> the ball across the court.,A2,Действия,Oxford
hold,v.,həʊld,"держать, проводить",Please <b>hold</b> the elevator door for a second.,A2,Действия,Oxford
hole,n.,həʊl,"дыра, отверстие",There is a small <b>hole</b> in my right sock.,A2,Предметы,Oxford
honest,adj.,ˈɒnɪst,честный,He is an <b>honest</b> person who always tells the truth.,A2,Характер,Oxford
honesty,n.,ˈɒnəsti,честность,I truly value your <b>honesty</b> in this matter.,A2,Качества,Oxford
horrible,adj.,ˈhɒrəbl,ужасный,The weather yesterday was completely <b>horrible</b>.,A2,Описание,Oxford
horror,n.,ˈhɒrə(r),"ужас, хоррор",She dislikes watching <b>horror</b> films alone.,A2,Медиа,Oxford
host,n.,həʊst,хозяин (вечеринки/дома),The party <b>host</b> greeted everyone at the entrance.,A2,Общество,Oxford
huge,adj.,hjuːdʒ,огромный,They live in a <b>huge</b> house with a swimming pool.,A2,Описание,Oxford
human,n.,ˈhjuːmən,человек,<b>Human</b> beings need clean water to survive.,A2,Общество,Oxford
humour,n.,ˈhjuːmə(r),юмор,He has a wonderful sense of <b>humour</b>.,A2,Характер,Oxford
hunt,v.,hʌnt,охотиться,Wild animals usually <b>hunt</b> at night.,A2,Природа,Oxford
hurricane,n.,ˈhʌrəkən,ураган,The <b>hurricane</b> caused severe damage across the coast.,A2,Погода,Oxford
hurt,v.,hɜːt,"ранить, болеть",My foot began to <b>hurt</b> after the long walk.,A2,Здоровье,Oxford
gain,v.,ɡeɪn,"получать, приобретать",He hopes to <b>gain</b> valuable experience from this job.,A2,Работа,Oxford
garage,n.,ˈɡærɑːʒ,гараж,He parked his car in the <b>garage</b>.,A2,Дом,Oxford
garbage,n.,ˈɡɑːbɪdʒ,мусор,Don't forget to take out the <b>garbage</b>.,A2,Быт,Oxford
gardening,n.,ˈɡɑːdnɪŋ,"садоводство, работа в саду",My grandmother enjoys <b>gardening</b> in her free time.,A2,Хобби,Oxford
gate,n.,ɡeɪt,ворота,Please close the garden <b>gate</b> behind you.,A2,Дом,Oxford
general,adj.,ˈdʒenrəl,"общий, генеральный",This book gives a <b>general</b> overview of history.,A2,Описание,Oxford
generally,adv.,ˈdʒenrəli,"обычно, в целом",It is <b>generally</b> warmer in the south.,A2,Описание,Oxford
generation,n.,ˌdʒenəˈreɪʃn,поколение,Younger <b>generation</b>s use smartphones daily.,A2,Общество,Oxford
generous,adj.,ˈdʒenərəs,щедрый,He is very <b>generous</b> and often donates to charity.,A2,Характер,Oxford
gentle,adj.,ˈdʒentl,"мягкий, нежный",She gave him a <b>gentle</b> smile.,A2,Характер,Oxford
gentleman,n.,ˈdʒentlmən,джентльмен,He was always a polite <b>gentleman</b>.,A2,Описание,Oxford
geography,n.,dʒiˈɒɡrəfi,география,We learned about mountains in our <b>geography</b> lesson.,A2,Обучение,Oxford
ghost,n.,ɡəʊst,привидение,Do you believe in <b>ghost</b>s?,A2,Развлечения,Oxford
giant,adj.,ˈdʒaɪənt,гигантский,A <b>giant</b> statue stands in the town square.,A2,Описание,Oxford
giraffe,n.,dʒəˈrɑːf,жираф,The <b>giraffe</b> has a very long neck.,A2,Природа,Oxford
glad,adj.,ɡlæd,рад,I am <b>glad</b> to see you again.,A2,Эмоции,Oxford
global,adj.,ˈɡləʊbl,глобальный,<b>Global</b> warming is a serious issue.,A2,Природа,Oxford
god,n.,ɡɒd,бог,They prayed to <b>God</b> for health and happiness.,A2,Общество,Oxford
golf,n.,ɡɒlf,гольф,He likes to play <b>golf</b> on Sunday mornings.,A2,Спорт,Oxford
good-looking,adj.,ˌɡʊd ˈlʊkɪŋ,"привлекательный, симпатичный",He is a very <b>good-looking</b> young man.,A2,Описание,Oxford
goods,n.,ɡʊdz,товары,The shop sells imported <b>goods</b>.,A2,Покупки,Oxford
govern,v.,ˈɡʌvn,"управлять, править",The president was elected to <b>govern</b> the country.,A2,Политика,Oxford
government,n.,ˈɡʌvənmənt,правительство,The <b>government</b> announced new tax reforms.,A2,Политика,Oxford
grade,n.,ɡreɪd,"оценка, класс",She got a high <b>grade</b> on her history exam.,A2,Обучение,Oxford
graduate,v.,ˈɡrædʒueɪt,выпускаться (из учебного заведения),He will <b>graduate</b> from university next year.,A2,Обучение,Oxford
grain,n.,ɡreɪn,зерно,Farmers harvest <b>grain</b> in late summer.,A2,Природа,Oxford
gram,n.,ɡræm,грамм,You need two hundred <b>gram</b>s of sugar for this recipe.,A2,Еда,Oxford
grammar,n.,ˈɡræmə(r),грамматика,Learning English <b>grammar</b> can be challenging.,A2,Обучение,Oxford
grandad,n.,ˈɡrændæd,дедушка,My <b>grandad</b> tells wonderful stories.,A2,Семья,Oxford
grape,n.,ɡreɪp,виноград,She bought a bowl of fresh green <b>grape</b>s.,A2,Еда,Oxford
grateful,adj.,ˈɡreɪtfl,благодарный,I am very <b>grateful</b> for your help.,A2,Эмоции,Oxford
greet,v.,ɡriːt,приветствовать,He smiled to <b>greet</b> the new guests.,A2,Общение,Oxford
greeting,n.,ˈɡriːtɪŋ,приветствие,'Hello' is a friendly <b>greeting</b>.,A2,Общение,Oxford
grill,v.,ɡrɪl,жарить на гриле,We plan to <b>grill</b> meat in the backyard.,A2,Еда,Oxford
grocery,n.,ˈɡrəʊsəri,"продуктовый магазин, продукты",She bought vegetables at the local <b>grocery</b>.,A2,Покупки,Oxford
growth,n.,ɡrəʊθ,рост,The economic <b>growth</b> was steady this year.,A2,Экономика,Oxford
guard,n.,ɡɑːd,охранник,A security <b>guard</b> checked our IDs.,A2,Профессии,Oxford
guest,n.,ɡest,гость,We invited many <b>guest</b>s to our dinner party.,A2,Дом,Oxford
guide,n.,ɡaɪd,гид,The tour <b>guide</b> showed us around the ancient city.,A2,Путешествия,Oxford
guidebook,n.,ˈɡaɪdbʊk,путеводитель,Read the <b>guidebook</b> before visiting the museum.,A2,Путешествия,Oxford
guilty,adj.,ˈɡɪlti,виновный,He felt <b>guilty</b> about breaking the vase.,A2,Эмоции,Oxford
gun,n.,ɡʌn,пистолет,Police officers carry a <b>gun</b> for security.,A2,Безопасность,Oxford
gym,n.,dʒɪm,"тренажерный зал, спортзал",I go to the <b>gym</b> three times a week.,A2,Спорт,Oxford
face,v.,feɪs,"сталкиваться, быть обращенным к",We have to <b>face</b> many difficulties in life.,A2,Жизнь,Oxford
facility,n.,fəˈsɪləti,"объект, удобство, оборудование",The hotel has excellent sports <b>facilities</b>.,A2,Здания,Oxford
factor,n.,ˈfæktə(r),фактор,Price is an important <b>factor</b> when buying a car.,A2,Анализ,Oxford
factory,n.,ˈfæktəri,"фабрика, завод",My uncle works at a local car <b>factory</b>.,A2,Работа,Oxford
fail,v.,feɪl,"потерпеть неудачу, не сдать",He was afraid he might <b>fail</b> the exam.,A2,Обучение,Oxford
failure,n.,ˈfeɪljə(r),"неудача, провал",<b>Failure</b> is a stepping stone to success.,A2,Успех,Oxford
fair,adj.,feə(r),"справедливый, честный",It is not <b>fair</b> to blame him for everything.,A2,Характер,Oxford
fairly,adv.,ˈfeəli,"довольно, весьма",The exam was <b>fairly</b> easy to pass.,A2,Описание,Oxford
familiar,adj.,fəˈmɪliə(r),знакомый,His face looks very <b>familiar</b> to me.,A2,Описание,Oxford
farm,v.,fɑːm,заниматься фермерством,They <b>farm</b> a large piece of land near the village.,A2,Природа,Oxford
farming,n.,ˈfɑːmɪŋ,сельское хозяйство,Modern <b>farming</b> uses advanced technology.,A2,Природа,Oxford
fashion,n.,ˈfæʃn,мода,She follows the latest trends in <b>fashion</b>.,A2,Стиль,Oxford
fashionable,adj.,ˈfæʃnəbl,модный,He loves wearing <b>fashionable</b> clothes.,A2,Одежда,Oxford
fasten,v.,ˈfɑːsn,"пристегивать, застегивать",Please <b>fasten</b> your seatbelt before takeoff.,A2,Безопасность,Oxford
fat,n.,fæt,жир,Try to avoid foods that contain too much <b>fat</b>.,A2,Здоровье,Oxford
feature,n.,ˈfiːtʃə(r),"особенность, черта",This phone has a new camera <b>feature</b>.,A2,Технологии,Oxford
feed,v.,fiːd,кормить,Don't forget to <b>feed</b> the cat in the morning.,A2,Быт,Oxford
female,adj.,ˈfiːmeɪl,женский,The hospital is looking for a <b>female</b> doctor.,A2,Описание,Oxford
fiction,n.,ˈfɪkʃn,художественная литература,She prefers reading science <b>fiction</b> novels.,A2,Книги,Oxford
fight,v.,faɪt,"драться, бороться",Children should not <b>fight</b> with each other.,A2,Поведение,Oxford
figure,n.,ˈfɪɡə(r),"цифра, фигура",Look at the sales <b>figure</b>s for last month.,A2,Бизнес,Oxford
film,v.,fɪlm,снимать фильм,They plan to <b>film</b> the documentary in Africa.,A2,Медиа,Oxford
finally,adv.,ˈfaɪnəli,"наконец, в конце концов",We <b>finally</b> reached our destination after hours.,A2,Общение,Oxford
finance,n.,ˈfaɪnæns,финансы,She works in international <b>finance</b>.,A2,Бизнес,Oxford
financial,adj.,faɪˈnænʃl,финансовый,The company is in a good <b>financial</b> position.,A2,Бизнес,Oxford
finger,n.,ˈfɪŋɡə(r),палец (на руке),He cut his <b>finger</b> while chopping vegetables.,A2,Тело,Oxford
finish,n.,ˈfɪnɪʃ,"финиш, конец",Cross the <b>finish</b> line to win the race.,A2,Спорт,Oxford
fire,v.,ˈfaɪə(r),"увольнять, стрелять",The manager decided to <b>fire</b> the lazy employee.,A2,Работа,Oxford
firefighter,n.,ˈfaɪəfaɪtə(r),пожарный,A brave <b>firefighter</b> rescued the family.,A2,Профессии,Oxford
firm,n.,fɜːm,"фирма, компания",She works for a law <b>firm</b> in the city centre.,A2,Бизнес,Oxford
firstly,adv.,ˈfɜːstli,во-первых,"<b>Firstly</b>, we need to gather all necessary facts.",A2,Связки,Oxford
fix,v.,fɪks,"чинить, исправлять",Can you help me <b>fix</b> my broken computer?,A2,Быт,Oxford
flat,adj.,flæt,плоский,The landscape in this region is very <b>flat</b>.,A2,Описание,Oxford
fly,n.,flaɪ,муха,A <b>fly</b> was buzzing near the window.,A2,Природа,Oxford
focus,v.,ˈfəʊkəs,фокусироваться,Try to <b>focus</b> on your main goals.,A2,Обучение,Oxford
fold,v.,fəʊld,"складывать, сгибать",Please <b>fold</b> the clean clothes neatly.,A2,Быт,Oxford
folk,adj.,fəʊk,народный,She enjoys listening to traditional <b>folk</b> music.,A2,Музыка,Oxford
following,adj.,ˈfɒləʊɪŋ,следующий,Answer the questions on the <b>following</b> page.,A2,Обучение,Oxford
force,v.,fɔːs,"заставлять, принуждать",You cannot <b>force</b> someone to change their mind.,A2,Поведение,Oxford
foreign,adj.,ˈfɒrən,иностранный,Learning a <b>foreign</b> language opens new doors.,A2,Обучение,Oxford
foreigner,n.,ˈfɒrənə(r),иностранец,The tourist guide helped the <b>foreigner</b>.,A2,Общество,Oxford
forest,n.,ˈfɒrɪst,лес,We took a long walk through the pine <b>forest</b>.,A2,Природа,Oxford
forever,adv.,fəˈrevə(r),навсегда,I will <b>forever</b> remember this wonderful trip.,A2,Время,Oxford
formal,adj.,ˈfɔːml,официальный,He wore a <b>formal</b> suit for the job interview.,A2,Описание,Oxford
former,adj.,ˈfɔːmə(r),бывший,The <b>former</b> president gave a public speech.,A2,История,Oxford
fortunately,adv.,ˈfɔːtʃənətli,к счастью,"<b>Fortunately</b>, nobody was injured in the accident.",A2,Общение,Oxford
forward,adv.,ˈfɔːwəd,"вперед, дальше",Step <b>forward</b> when your name is called.,A2,Навигация,Oxford
free,v.,friː,"освобождать, делать свободным",The animal rescue team worked to <b>free</b> the trapped bird.,A2,Действия,Oxford
freedom,n.,ˈfriːdəm,свобода,Every person values personal <b>freedom</b>.,A2,Общество,Oxford
freeze,v.,friːz,"замерзать, замораживать",Water will <b>freeze</b> at zero degrees Celsius.,A2,Природа,Oxford
freezer,n.,ˈfriːzə(r),морозилка,Put the ice cream in the <b>freezer</b>.,A2,Дом,Oxford
frequently,adv.,ˈfriːkwəntli,часто,Buses run <b>frequently</b> during peak hours.,A2,Время,Oxford
frighten,v.,ˈfraɪtn,пугать,Loud thunder can <b>frighten</b> small animals.,A2,Эмоции,Oxford
frightened,adj.,ˈfraɪtnd,испуганный,The <b>frightened</b> child held her mother's hand.,A2,Эмоции,Oxford
frightening,adj.,ˈfraɪtnɪŋ,пугающий,Watching a <b>frightening</b> movie late at night is scary.,A2,Описание,Oxford
frog,n.,frɒɡ,лягушка,A green <b>frog</b> jumped into the water.,A2,Природа,Oxford
front,n.,frʌnt,"передняя часть, фронт",Write your name on the <b>front</b> of the book.,A2,Место,Oxford
frozen,adj.,ˈfrəʊzn,замороженный,Buy some <b>frozen</b> vegetables for dinner.,A2,Еда,Oxford
fry,v.,fraɪ,жарить,I like to <b>fry</b> eggs for breakfast.,A2,Еда,Oxford
fuel,n.,ˈfjuːəl,топливо,The car ran out of <b>fuel</b> on the highway.,A2,Транспорт,Oxford
full-time,adj.,ˌfʊl ˈtaɪm,"с полной занятостью, полный день",She found a <b>full-time</b> job at a local bank.,A2,Работа,Oxford
fully,adv.,ˈfʊli,полностью,I <b>fully</b> understand your situation.,A2,Общение,Oxford
fun,adj.,fʌn,"веселый, забавный",Playing board games is a <b>fun</b> activity.,A2,Досуг,Oxford
function,n.,ˈfʌŋkʃn,функция,What is the main <b>function</b> of this button?,A2,Технологии,Oxford
further,adv.,ˈfɜːðə(r),"дальше, далее",Walk a bit <b>further</b> down the road.,A2,Навигация,Oxford
earn,v.,ɜːn,зарабатывать,She works hard to <b>earn</b> a living.,A2,Работа,Oxford
earth,n.,ɜːθ,"Земля (планета), суша",The <b>earth</b> revolves around the sun.,A2,Природа,Oxford
easily,adv.,ˈiːzəli,"легко, без труда",You can <b>easily</b> pass the test if you study.,A2,Описание,Oxford
economic,adj.,ˌiːkəˈnɒmɪk,экономический,The country is facing <b>economic</b> problems.,A2,Экономика,Oxford
economy,n.,ɪˈkɒnəmi,экономика,Tourism is important for the local <b>economy</b>.,A2,Экономика,Oxford
edge,n.,edʒ,"край, кромка",Don't place the glass near the <b>edge</b> of the table.,A2,Предметы,Oxford
educate,v.,ˈedʒukeɪt,"воспитывать, обучать",Parents try to <b>educate</b> their children well.,A2,Обучение,Oxford
educated,adj.,ˈedʒukeɪtɪd,образованный,She is a highly <b>educated</b> person.,A2,Описание,Oxford
education,n.,ˌedʒuˈkeɪʃn,образование,Good <b>education</b> opens many doors.,A2,Обучение,Oxford
effect,n.,ɪˈfekt,"эффект, влияние",The new law had a positive <b>effect</b> on safety.,A2,Общество,Oxford
effective,adj.,ɪˈfektɪv,эффективный,This medicine is very <b>effective</b> against colds.,A2,Здоровье,Oxford
effort,n.,ˈefət,"усилие, попытка",It takes a lot of <b>effort</b> to learn a new language.,A2,Успех,Oxford
election,n.,ɪˈlekʃn,выборы,The general <b>election</b> will take place next month.,A2,Политика,Oxford
element,n.,ˈelɪmənt,элемент,Hydrogen is a chemical <b>element</b>.,A2,Наука,Oxford
embarrass,v.,ɪmˈbærəs,"смущать, ставить в неловкое положение",His jokes always <b>embarrass</b> her.,A2,Эмоции,Oxford
embarrassed,adj.,ɪmˈbærəst,смущенный,He felt <b>embarrassed</b> when he forgot her name.,A2,Эмоции,Oxford
embarrassing,adj.,ɪmˈbærəsɪŋ,"смущающий, неловкий",It was an <b>embarrassing</b> situation for everyone.,A2,Описание,Oxford
emergency,n.,ɪˈmɜːdʒənsi,чрезвычайная ситуация,Call this number in case of an <b>emergency</b>.,A2,Безопасность,Oxford
emotion,n.,ɪˈməʊʃn,"эмоция, чувство",Music can evoke strong <b>emotion</b>s.,A2,Эмоции,Oxford
emotional,adj.,ɪˈməʊʃnl,эмоциональный,It was a very <b>emotional</b> moment for the family.,A2,Эмоции,Oxford
employ,v.,ɪmˈplɔɪ,нанимать на работу,The company plans to <b>employ</b> more staff.,A2,Работа,Oxford
employee,n.,ɪmˈplɔɪiː,"сотрудник, работник",The store has over fifty <b>employee</b>s.,A2,Работа,Oxford
employer,n.,ɪmˈplɔɪə(r),работодатель,She has a very supportive <b>employer</b>.,A2,Работа,Oxford
employment,n.,ɪmˈplɔɪmənt,"трудоустройство, занятость",They are looking for full-time <b>employment</b>.,A2,Работа,Oxford
empty,adj.,ˈempti,пустой,The bottle is completely <b>empty</b>.,A2,Описание,Oxford
encourage,v.,ɪnˈkʌrɪdʒ,"поощрять, поддерживать",Teachers should <b>encourage</b> students to ask questions.,A2,Обучение,Oxford
enemy,n.,ˈenəmi,"враг, противник",They declared peace with their former <b>enemy</b>.,A2,Общество,Oxford
energy,n.,ˈenədʒi,энергия,Solar <b>energy</b> is clean and renewable.,A2,Природа,Oxford
engineer,n.,ˌendʒɪˈnɪə(r),инженер,He works as a software <b>engineer</b>.,A2,Профессии,Oxford
engineering,n.,ˌendʒɪˈnɪərɪŋ,"инженерия, технические науки",She is studying civil <b>engineering</b> at university.,A2,Обучение,Oxford
enormous,adj.,ɪˈnɔːməs,"огромный, громадный",An <b>enormous</b> dog was barking in the yard.,A2,Описание,Oxford
entertain,v.,ˌentəˈteɪn,развлекать,The magician came to <b>entertain</b> the children.,A2,Развлечения,Oxford
entertainment,n.,ˌentəˈteɪnmənt,развлечение,The city offers plenty of <b>entertainment</b> options.,A2,Досуг,Oxford
entrance,n.,ˈentrəns,вход,Meet me near the main <b>entrance</b> of the theatre.,A2,Здания,Oxford
entry,n.,ˈentri,"вход, запись",No <b>entry</b> without a valid ticket.,A2,Правила,Oxford
environment,n.,ɪnˈvaɪrənmənt,окружающая среда,We must protect the <b>environment</b> from pollution.,A2,Природа,Oxford
environmental,adj.,ɪnˌvaɪrənˈmentl,экологический,They discuss <b>environmental</b> issues at the conference.,A2,Природа,Oxford
equal,adj.,ˈiːkwəl,"равный, одинаковый",All people should have <b>equal</b> rights.,A2,Общество,Oxford
equally,adv.,ˈiːkwəli,"в равной степени, одинаково",Divide the cake <b>equally</b> among the guests.,A2,Количество,Oxford
equipment,n.,ɪˈkwɪpmənt,"оборудование, снаряжение",They bought new sports <b>equipment</b> for the gym.,A2,Спорт,Oxford
error,n.,ˈerə(r),ошибка,There is a minor <b>error</b> in your calculation.,A2,Обучение,Oxford
escape,v.,ɪˈskeɪp,"сбегать, спасаться",The rabbit managed to <b>escape</b> from the cage.,A2,Происшествия,Oxford
especially,adv.,ɪˈspeʃəli,"особенно, в особенности","I love fruit, <b>especially</b> strawberries.",A2,Общение,Oxford
essay,n.,ˈeseɪ,"эссе, сочинение",She wrote an <b>essay</b> on global warming.,A2,Обучение,Oxford
essential,adj.,ɪˈsenʃl,"важный, необходимый",Water is <b>essential</b> for all living things.,A2,Описание,Oxford
establish,v.,ɪˈstæblɪʃ,"основывать, устанавливать",The company was <b>established</b> in 1995.,A2,Бизнес,Oxford
estate,n.,ɪˈsteɪt,"поместье, имущество",He inherited a large <b>estate</b> in the country.,A2,Дом,Oxford
estimate,v.,ˈestɪmeɪt,"оценивать, подсчитывать",Experts <b>estimate</b> that the repair will take a week.,A2,Экономика,Oxford
exactly,adv.,ɪɡˈzæktli,"точно, именно",That is <b>exactly</b> what I meant.,A2,Общение,Oxford
examination,n.,ɪɡˌzæmɪˈneɪʃn,"экзамен, обследование",Students are preparing for their final <b>examination</b>.,A2,Обучение,Oxford
examine,v.,ɪɡˈzæmɪn,"осматривать, проверять",The doctor will <b>examine</b> the patient now.,A2,Здоровье,Oxford
excellent,adj.,ˈeksələnt,"отличный, превосходный",She did an <b>excellent</b> job on the project.,A2,Описание,Oxford
except,prep.,ɪkˈsept,"кроме, за исключением",Everyone was present <b>except</b> John.,A2,Общение,Oxford
exchange,v.,ɪksˈtʃeɪndʒ,обменивать(ся),You can <b>exchange</b> currency at the bank.,A2,Деньги,Oxford
excitement,n.,ɪkˈsaɪtmənt,"волнение, восторг",The news caused great <b>excitement</b> in the room.,A2,Эмоции,Oxford
excuse,n.,ɪkˈskjuːs,"оправдание, предлог",He always has an <b>excuse</b> for being late.,A2,Общение,Oxford
exhibition,n.,ˌeksɪˈbɪʃn,выставка,We visited a modern art <b>exhibition</b> yesterday.,A2,Искусство,Oxford
exist,v.,ɪɡˈzɪst,существовать,Do you believe ghosts <b>exist</b>?,A2,Общее,Oxford
expect,v.,ɪkˈspekt,"ожидать, рассчитывать",We <b>expect</b> the train to arrive on time.,A2,Мышление,Oxford
expectation,n.,ˌekspekˈteɪʃn,ожидание,The film met all our <b>expectation</b>s.,A2,Эмоции,Oxford
experience,n.,ɪkˈspɪəriəns,"опыт, впечатления",He has years of <b>experience</b> in teaching.,A2,Работа,Oxford
experiment,n.,ɪkˈsperɪmənt,"эксперимент, опыт",They conducted a scientific <b>experiment</b> in the lab.,A2,Наука,Oxford
expert,n.,ˈekspɜːt,"эксперт, специалист",She is an <b>expert</b> in digital marketing.,A2,Профессии,Oxford
explanation,n.,ˌekspləˈneɪʃn,объяснение,He gave a clear <b>explanation</b> of the situation.,A2,Информация,Oxford
express,v.,ɪkˈspres,выражать,It is important to <b>express</b> your thoughts clearly.,A2,Общение,Oxford
expression,n.,ɪkˈspreʃn,выражение,I learned a new English <b>expression</b> today.,A2,Обучение,Oxford
extreme,adj.,ɪkˈstriːm,"крайний, экстремальный",He likes <b>extreme</b> sports like skydiving.,A2,Спорт,Oxford
extremely,adv.,ɪkˈstriːmli,"чрезвычайно, крайне",The exam was <b>extremely</b> difficult.,A2,Описание,Oxford
daily,adj.,ˈdeɪli,"ежедневный, суточный",She reads the <b>daily</b> newspaper every morning.,A2,Время,Oxford
damage,v.,ˈdæmɪdʒ,"повреждать, вредить",The heavy storm can <b>damage</b> the roof.,A2,Происшествия,Oxford
danger,n.,ˈdeɪndʒə(r),опасность,Deep water can be a <b>danger</b> to small children.,A2,Безопасность,Oxford
dark,n.,dɑːk,"темнота, мрак",Little children are sometimes afraid of the <b>dark</b>.,A2,Описание,Oxford
data,n.,ˈdeɪtə,"данные, информация",They collected useful <b>data</b> for the research project.,A2,Технологии,Oxford
date,v.,deɪt,встречаться (с кем-то),They started to <b>date</b> a few months ago.,A2,Отношения,Oxford
dead,adj.,ded,мертвый,The flowers are <b>dead</b> because nobody watered them.,A2,Природа,Oxford
deaf,adj.,def,глухой,He uses sign language because he is <b>deaf</b>.,A2,Здоровье,Oxford
deal,v.,diːl,"иметь дело, справляться",She knows how to <b>deal</b> with difficult clients.,A2,Бизнес,Oxford
death,n.,deθ,смерть,The news of his <b>death</b> saddened everyone.,A2,Жизнь,Oxford
decision,n.,dɪˈsɪʒn,решение,Making an important <b>decision</b> takes time.,A2,Мышление,Oxford
declare,v.,dɪˈkleə(r),"объявлять, заявлять",The government plans to <b>declare</b> a public holiday.,A2,Общество,Oxford
decline,v.,dɪˈklaɪn,"снижаться, отклонять",Sales began to <b>decline</b> last month.,A2,Бизнес,Oxford
decorate,v.,ˈdekəreɪt,украшать,They <b>decorate</b> the room before Christmas.,A2,Дом,Oxford
decrease,v.,dɪˈkriːs,"уменьшаться, снижаться",Prices may <b>decrease</b> during the seasonal sale.,A2,Экономика,Oxford
deep,adj.,diːp,глубокий,"Be careful, the lake is very <b>deep</b> here.",A2,Описание,Oxford
deeply,adv.,ˈdiːpli,"глубоко, сильно",He was <b>deeply</b> affected by the emotional film.,A2,Эмоции,Oxford
defeat,v.,dɪˈfiːt,"побеждать, наносить поражение",Our team managed to <b>defeat</b> the champions.,A2,Спорт,Oxford
defence,n.,dɪˈfens,"защита, оборона",A strong immunity is the best <b>defence</b> against illness.,A2,Здоровье,Oxford
defend,v.,dɪˈfend,защищать,Lawyers try to <b>defend</b> their clients in court.,A2,Закон,Oxford
definitely,adv.,ˈdefɪnətli,"определенно, точно",I will <b>definitely</b> come to your birthday party.,A2,Общение,Oxford
degree,n.,dɪˈɡriː,"градус, степень, диплом",She earned a <b>degree</b> in computer science.,A2,Обучение,Oxford
delay,v.,dɪˈleɪ,"задерживать, откладывать",Heavy snow may <b>delay</b> the train service.,A2,Путешествия,Oxford
deliberately,adv.,dɪˈlɪbərətli,"намеренно, нарочно",He <b>deliberately</b> ignored my text messages.,A2,Поведение,Oxford
delight,n.,dɪˈlaɪt,"восторг, удовольствие",The children played in the snow with great <b>delight</b>.,A2,Эмоции,Oxford
deliver,v.,dɪˈlɪvə(r),доставлять,Couriers <b>deliver</b> packages straight to your door.,A2,Сервис,Oxford
delivery,n.,dɪˈlɪvəri,доставка,Free <b>delivery</b> is available for large orders.,A2,Сервис,Oxford
demand,n.,dɪˈmɑːnd,"спрос, требование",There is a high <b>demand</b> for new smartphones.,A2,Экономика,Oxford
dentist,n.,ˈdentɪst,"зубной врач, стоматолог",You should visit the <b>dentist</b> twice a year.,A2,Здоровье,Oxford
depart,v.,dɪˈpɑːt,"отправляться, уезжать",The morning train will <b>depart</b> from platform three.,A2,Путешествия,Oxford
department,n.,dɪˈpɑːtmənt,"отдел, департамент",She works in the marketing <b>department</b>.,A2,Работа,Oxford
departure,n.,dɪˈpɑːtʃə(r),"отправление, вылет",Check the <b>departure</b> board for your flight time.,A2,Путешествия,Oxford
depend,v.,dɪˈpend,зависеть,Our weekend picnic will <b>depend</b> on the weather.,A2,Общее,Oxford
depressed,adj.,dɪˈprest,"подавленный, унылый",He felt <b>depressed</b> after losing his job.,A2,Эмоции,Oxford
depressing,adj.,dɪˈpresɪŋ,"вгоняющий в тоску, грустный",Gray rainy weather can be very <b>depressing</b>.,A2,Описание,Oxford
depth,n.,depθ,глубина,The diver measured the <b>depth</b> of the sea.,A2,География,Oxford
description,n.,dɪˈskrɪpʃn,описание,Read the product <b>description</b> carefully before buying.,A2,Покупки,Oxford
desert,n.,ˈdezət,пустыня,Camels can live in the <b>desert</b> without much water.,A2,Природа,Oxford
deserve,v.,dɪˈzɜːv,заслуживать,You worked hard and <b>deserve</b> a good rest.,A2,Успех,Oxford
design,n.,dɪˈzaɪn,"дизайн, проект",The new car model has a modern <b>design</b>.,A2,Искусство,Oxford
designer,n.,ˈdaɪzɪnə(r),дизайнер,A famous <b>designer</b> created her wedding dress.,A2,Профессии,Oxford
destroy,v.,dɪˈstrɔɪ,"разрушать, уничтожать",A forest fire can <b>destroy</b> large areas quickly.,A2,Происшествия,Oxford
detailed,adj.,ˈdiːteɪld,"подробный, детальный",She gave a <b>detailed</b> report of the incident.,A2,Информация,Oxford
detective,n.,dɪˈtektɪv,"детектив, следователь",The <b>detective</b> solved the mysterious crime.,A2,Профессии,Oxford
determine,v.,dɪˈtɜːmɪn,"определять, устанавливать",Medical tests help to <b>determine</b> the illness.,A2,Здоровье,Oxford
develop,v.,dɪˈveləp,"развивать, разрабатывать",Regular exercise helps to <b>develop</b> strong muscles.,A2,Здоровье,Oxford
diagram,n.,ˈdaɪəɡræm,"диаграмма, схема",The teacher drew a simple <b>diagram</b> on the board.,A2,Обучение,Oxford
diamond,n.,ˈdaɪəmənd,"алмаз, бриллиант",She wore a gold ring with a sparkling <b>diamond</b>.,A2,Предметы,Oxford
diary,n.,ˈdaɪəri,дневник,She writes down her secrets in a personal <b>diary</b>.,A2,Быт,Oxford
differently,adv.,ˈdɪfrəntli,"по-другому, иначе",Everyone thinks <b>differently</b> about this topic.,A2,Общение,Oxford
digital,adj.,ˈdɪdʒɪtl,цифровой,He bought a new <b>digital</b> camera for his trip.,A2,Технологии,Oxford
direct,adj.,dəˈrekt,"прямой, непосредственный",Is there a <b>direct</b> train to London from here?,A2,Навигация,Oxford
direction,n.,dəˈrekʃn,направление,Which <b>direction</b> should we drive to reach the city?,A2,Навигация,Oxford
directly,adv.,dəˈrektli,"прямо, непосредственно",He looked <b>directly</b> at me when speaking.,A2,Общение,Oxford
disagree,v.,ˌdɪsəˈɡriː,не соглашаться,"I am sorry, but I <b>disagree</b> with your opinion.",A2,Общение,Oxford
disappear,v.,ˌdɪsəˈpɪə(r),исчезать,The sun began to <b>disappear</b> behind the clouds.,A2,Природа,Oxford
disappoint,v.,ˌdɪsəˈpɔɪnt,разочаровывать,I do not want to <b>disappoint</b> my parents.,A2,Эмоции,Oxford
disappointed,adj.,ˌdɪsəˈpɔɪntɪd,разочарованный,She was <b>disappointed</b> with her test results.,A2,Эмоции,Oxford
disappointing,adj.,ˌdɪsəˈpɔɪntɪŋ,разочаровывающий,The movie had a very <b>disappointing</b> ending.,A2,Описание,Oxford
discount,n.,ˈdɪskaʊnt,скидка,Students get a ten percent <b>discount</b> at this shop.,A2,Покупки,Oxford
discover,v.,dɪˈskʌvə(r),"совершать открытие, обнаруживать",Scientists <b>discover</b> new species every year.,A2,Наука,Oxford
discovery,n.,dɪˈskʌvəri,открытие,The <b>discovery</b> of penicillin saved many lives.,A2,Наука,Oxford
discussion,n.,dɪˈskʌʃn,"обсуждение, дискуссия",We had an interesting <b>discussion</b> about books.,A2,Общение,Oxford
disease,n.,dɪˈziːz,"болезнь, заболевание",Vaccination protects people against serious <b>disease</b>.,A2,Здоровье,Oxford
dishonest,adj.,dɪsˈɒnɪst,нечестный,It is <b>dishonest</b> to tell lies to your friends.,A2,Характер,Oxford
dislike,v.,dɪsˈlaɪk,"не любить, недолюбливать",I <b>dislike</b> getting up early on cold mornings.,A2,Эмоции,Oxford
distance,n.,ˈdɪstəns,"расстояние, дистанция",What is the <b>distance</b> between Paris and Berlin?,A2,География,Oxford
divorced,adj.,dɪˈvɔːst,разведенный,His parents are <b>divorced</b> and live in different cities.,A2,Семья,Oxford
document,n.,ˈdɒkjumənt,документ,Keep your passport and important <b>document</b>s safe.,A2,Офис,Oxford
donate,v.,dəʊˈneɪt,"жертвовать, передавать в дар",Many people <b>donate</b> money to local charities.,A2,Общество,Oxford
double,adj.,ˈdʌbl,двойной,They booked a <b>double</b> room at the hotel.,A2,Сервис,Oxford
doubt,n.,daʊt,сомнение,I have no <b>doubt</b> that you will succeed.,A2,Мышление,Oxford
drama,n.,ˈdrɑːmə,драма,She loves watching historical <b>drama</b> series.,A2,Медиа,Oxford
dramatic,adj.,drəˈmætɪk,"драматический, резкий",There was a <b>dramatic</b> change in the weather.,A2,Описание,Oxford
drug,n.,drʌɡ,"лекарство, наркотик",The doctor prescribed a strong <b>drug</b> for pain.,A2,Здоровье,Oxford
duck,n.,dʌk,утка,A wild <b>duck</b> was swimming peacefully on the lake.,A2,Природа,Oxford
dust,n.,dʌst,пыль,She wiped the <b>dust</b> off the old wooden books.,A2,Быт,Oxford
duty,n.,ˈdjuːti,"обязанность, долг",It is our <b>duty</b> to keep the park clean.,A2,Общество,Oxford
cabinet,n.,ˈkæbɪnət,"шкафчик, комод",She stored the clean towels in the bathroom <b>cabinet</b>.,A2,Дом,Oxford
cable,n.,ˈkeɪbl,"кабель, шнур",You need a USB <b>cable</b> to charge your phone.,A2,Технологии,Oxford
calculate,v.,ˈkælkjuleɪt,"рассчитывать, вычислять",We need to <b>calculate</b> the total cost of the trip.,A2,Обучение,Oxford
calm,adj.,kɑːm,"спокойный, тихий",Try to stay <b>calm</b> during the exam.,A2,Эмоции,Oxford
camping,n.,ˈkæmpɪŋ,"кемпинг, отдых в палатках",They went <b>camping</b> in the mountains last weekend.,A2,Досуг,Oxford
cancel,v.,ˈkænsl,"отменять, аннулировать",They had to <b>cancel</b> the flight due to bad weather.,A2,Путешествия,Oxford
cancer,n.,ˈkænsə(r),рак (заболевание),Doctors are searching for new ways to treat <b>cancer</b>.,A2,Здоровье,Oxford
candidate,n.,ˈkændɪdət,"кандидат, соискатель",She is a strong <b>candidate</b> for the job.,A2,Работа,Oxford
candle,n.,ˈkændl,свеча,She lit a <b>candle</b> when the electricity went off.,A2,Дом,Oxford
cap,n.,kæp,"кепка, бейсболка",He wore a red <b>cap</b> to protect his eyes from the sun.,A2,Одежда,Oxford
captain,n.,ˈkæptɪn,"капитан, командир",The <b>captain</b> welcomed the passengers aboard the ship.,A2,Профессии,Oxford
care,v.,keə(r),"заботиться, волноваться",She really <b>care</b>s about animal welfare.,A2,Отношения,Oxford
career,n.,kəˈrɪə(r),карьера,He built a successful <b>career</b> in marketing.,A2,Работа,Oxford
carefully,adv.,ˈkeəfəli,"осторожно, внимательно",Read the instructions <b>carefully</b> before starting.,A2,Общение,Oxford
careless,adj.,ˈkeələs,"невнимательный, беспечный",A <b>careless</b> mistake cost them the game.,A2,Характер,Oxford
carpet,n.,ˈkɑːpɪt,ковер,They laid a soft blue <b>carpet</b> in the bedroom.,A2,Дом,Oxford
cartoon,n.,kɑːˈtuːn,мультфильм,Children love watching <b>cartoon</b>s on Saturday mornings.,A2,Медиа,Oxford
case,n.,keɪs,"случай, чехол, дело","In any <b>case</b>, we will arrive on time.",A2,Общее,Oxford
cash,n.,kæʃ,наличные деньги,Do you have enough <b>cash</b> to pay for dinner?,A2,Деньги,Oxford
castle,n.,ˈkɑːsl,замок,They visited an ancient <b>castle</b> on top of the hill.,A2,История,Oxford
catch,v.,kætʃ,"ловить, успевать (на транспорт)",Hurry up if you want to <b>catch</b> the bus.,A2,Действия,Oxford
cause,v.,kɔːz,"вызывать, быть причиной",Heavy rain can <b>cause</b> traffic delays.,A2,Происшествия,Oxford
celebrate,v.,ˈselɪbreɪt,праздновать,We gather every year to <b>celebrate</b> New Year.,A2,Праздники,Oxford
celebration,n.,ˌselɪˈbreɪʃn,празднование,The birthday <b>celebration</b> lasted all evening.,A2,Праздники,Oxford
celebrity,n.,səˈlebrəti,знаменитость,Many <b>celebrity</b> figures attended the film festival.,A2,Медиа,Oxford
central,adj.,ˈsentrəl,центральный,They live in a <b>central</b> part of the city.,A2,Место,Oxford
century,n.,ˈsentʃəri,"век, столетие",This cathedral was built in the twelfth <b>century</b>.,A2,История,Oxford
ceremony,n.,ˈserəməni,церемония,The graduation <b>ceremony</b> will start at noon.,A2,События,Oxford
certain,adj.,ˈsɜːtn,"уверенный, определенный",Are you <b>certain</b> that this information is correct?,A2,Описание,Oxford
certainly,adv.,ˈsɜːtnli,"конечно, безусловно",I will <b>certainly</b> help you with your project.,A2,Общение,Oxford
chain,n.,tʃeɪn,"цепь, цепочка, сеть",She wore a silver <b>chain</b> around her neck.,A2,Предметы,Oxford
challenge,n.,ˈtʃælɪndʒ,"вызов, сложная задача",Learning a new language is a great <b>challenge</b>.,A2,Успех,Oxford
champion,n.,ˈtʃæmpiən,чемпион,He became the tennis <b>champion</b> this year.,A2,Спорт,Oxford
chance,n.,tʃɑːns,"шанс, возможность",Don't miss the <b>chance</b> to study abroad.,A2,Возможности,Oxford
character,n.,ˈkærəktə(r),"персонаж, характер",She is my favourite <b>character</b> in the book.,A2,Искусство,Oxford
charge,v.,tʃɑːdʒ,"заряжать (устройство), взимать плату",Remember to <b>charge</b> your phone overnight.,A2,Технологии,Oxford
charity,n.,ˈtʃærəti,благотворительность,They raised money for a local <b>charity</b>.,A2,Общество,Oxford
chat,v.,tʃæt,"болтать, переписываться",We often <b>chat</b> online after work.,A2,Общение,Oxford
cheat,v.,tʃiːt,"жульничать, списывать",It is wrong to <b>cheat</b> during an exam.,A2,Поведение,Oxford
chef,n.,ʃef,шеф-повар,The <b>chef</b> prepared a delicious three-course meal.,A2,Профессии,Oxford
chemistry,n.,ˈkemɪstri,химия,We conducted an experiment in our <b>chemistry</b> class.,A2,Обучение,Oxford
chest,n.,tʃest,грудная клетка,He felt a mild pain in his <b>chest</b>.,A2,Тело,Oxford
chief,adj.,tʃiːf,"главный, основной",His <b>chief</b> concern was the safety of his family.,A2,Описание,Oxford
childhood,n.,ˈtʃaɪldhʊd,детство,She spent her <b>childhood</b> in a small village.,A2,Семья,Oxford
choice,n.,tʃɔɪs,выбор,You have a <b>choice</b> between tea and coffee.,A2,Выбор,Oxford
circle,n.,ˈsɜːkl,"круг, окружность",Draw a perfect <b>circle</b> on the paper.,A2,Геометрия,Oxford
circus,n.,ˈsɜːkəs,цирк,The children enjoyed watching acrobats at the <b>circus</b>.,A2,Развлечения,Oxford
climb,v.,klaɪm,"карабкаться, подниматься",They plan to <b>climb</b> the mountain tomorrow.,A2,Спорт,Oxford
climate,n.,ˈklaɪmət,климат,The island has a warm tropical <b>climate</b>.,A2,Природа,Oxford
cloth,n.,klɒθ,"ткань, тряпка",Wipe the table with a damp <b>cloth</b>.,A2,Быт,Oxford
coach,n.,kəʊtʃ,"тренер, междугородний автобус",Their football <b>coach</b> gave them good advice.,A2,Спорт,Oxford
coal,n.,kəʊl,уголь,"In the past, many houses were heated with <b>coal</b>.",A2,Природа,Oxford
coast,n.,kəʊst,побережье,We drove along the beautiful rocky <b>coast</b>.,A2,География,Oxford
coin,n.,kɔɪn,монета,He found an old silver <b>coin</b> in the garden.,A2,Деньги,Oxford
collect,v.,kəˈlekt,"собирать, коллекционировать",He likes to <b>collect</b> rare stamps.,A2,Хобби,Oxford
collection,n.,kəˈlekʃn,коллекция,She has an impressive <b>collection</b> of paintings.,A2,Хобби,Oxford
comb,n.,kəʊm,расческа,She used a wooden <b>comb</b> to untangle her hair.,A2,Быт,Oxford
comedy,n.,ˈkɒmədi,комедия,We watched a funny <b>comedy</b> at the cinema.,A2,Медиа,Oxford
comfortable,adj.,ˈkʌmfətəbl,удобный,This sofa is extremely <b>comfortable</b>.,A2,Дом,Oxford
compare,v.,kəmˈpeə(r),сравнивать,It is difficult to <b>compare</b> these two products.,A2,Анализ,Oxford
competition,n.,ˌkɒmpəˈtɪʃn,"соревнование, конкурс",She won first place in the swimming <b>competition</b>.,A2,Спорт,Oxford
complain,v.,kəmˈpleɪn,жаловаться,Customers often <b>complain</b> about slow service.,A2,Общение,Oxford
complete,v.,kəmˈpliːt,"завершать, заполнять",Please <b>complete</b> this form with your details.,A2,Действия,Oxford
completely,adv.,kəmˈpliːtli,"полностью, совершенно",I <b>completely</b> agree with your point of view.,A2,Общение,Oxford
complex,adj.,ˈkɒmpleks,сложный,This is a <b>complex</b> problem with no easy solution.,A2,Описание,Oxford
concentrate,v.,ˈkɒnsntreɪt,концентрироваться,I cannot <b>concentrate</b> when the music is too loud.,A2,Обучение,Oxford
conclusion,n.,kənˈkluːʒn,"вывод, заключение","In <b>conclusion</b>, we must protect the environment.",A2,Обучение,Oxford
condition,n.,kənˈdɪʃn,"состояние, условие",The second-hand car is in excellent <b>condition</b>.,A2,Состояние,Oxford
conference,n.,ˈkɒnfərəns,конференция,Doctors gathered for an international medical <b>conference</b>.,A2,Бизнес,Oxford
connect,v.,kəˈnekt,"соединять, подключать",You can <b>connect</b> your tablet to the Wi-Fi network.,A2,Технологии,Oxford
consider,v.,kənˈsɪdə(r),"рассматривать, обдумывать",Please <b>consider</b> our offer before deciding.,A2,Мышление,Oxford
contain,v.,kənˈteɪn,"содержать в себе, вмещать",This bottle <b>contain</b>s fresh orange juice.,A2,Описание,Oxford
context,n.,ˈkɒntekst,контекст,Try to guess the meaning of the word from the <b>context</b>.,A2,Обучение,Oxford
continue,v.,kənˈtɪnjuː,продолжать,We will <b>continue</b> our lesson after a short break.,A2,Действия,Oxford
control,v.,kənˈtrəʊl,контролировать,It is hard to <b>control</b> your emotions when angry.,A2,Действия,Oxford
cooker,n.,ˈkʊkə(r),кухонная плита,"Be careful, the <b>cooker</b> is still hot.",A2,Дом,Oxford
copy,n.,ˈkɒpi,копия,Can you send me a <b>copy</b> of the document?,A2,Офис,Oxford
corner,n.,ˈkɔːnə(r),угол,There is a small grocery shop on the <b>corner</b>.,A2,Город,Oxford
correctly,adv.,kəˈrektli,правильно,Answer all questions <b>correctly</b> to pass the test.,A2,Обучение,Oxford
count,v.,kaʊnt,"считать, подсчитывать",The child learned to <b>count</b> up to ten.,A2,Обучение,Oxford
couple,n.,ˈkʌpl,пара,A young <b>couple</b> moved into the apartment next door.,A2,Семья,Oxford
course,n.,kɔːs,"курс, блюдо",She is taking an online English <b>course</b>.,A2,Обучение,Oxford
court,n.,kɔːt,"суд, корт",They are playing tennis on the local <b>court</b>.,A2,Спорт,Oxford
crazy,adj.,ˈkreɪzi,сумасшедший,He has some <b>crazy</b> ideas about traveling around the world.,A2,Описание,Oxford
create,v.,kriˈeɪt,создавать,Artists use their imagination to <b>create</b> new art.,A2,Творчество,Oxford
creative,adj.,kriˈeɪtɪv,творческий,She is a very <b>creative</b> person who writes poetry.,A2,Характер,Oxford
credit card,n.,ˈkredɪt kɑːd,кредитная карта,Can I pay for my purchase by <b>credit card</b>?,A2,Деньги,Oxford
crime,n.,kraɪm,преступление,Police are working hard to reduce <b>crime</b> in the city.,A2,Закон,Oxford
criminal,n.,ˈkrɪmɪnl,преступник,The police caught the <b>criminal</b> near the bank.,A2,Закон,Oxford
crowd,n.,kraʊd,толпа,A large <b>crowd</b> gathered to watch the parade.,A2,Общество,Oxford
crowded,adj.,ˈkraʊdɪd,переполненный людьми,The subway train was extremely <b>crowded</b> this morning.,A2,Описание,Oxford
cruel,adj.,kruːəl,жестокий,It is wrong to be <b>cruel</b> to animals.,A2,Характер,Oxford
culture,n.,ˈkʌltʃə(r),культура,She is interested in learning about foreign <b>culture</b>s.,A2,Культура,Oxford
cupboard,n.,ˈkʌbəd,"шкаф для посуды, буфет",Put the clean plates back into the kitchen <b>cupboard</b>.,A2,Дом,Oxford
curly,adj.,ˈkɜːli,кудрявый,She has beautiful dark <b>curly</b> hair.,A2,Описание,Oxford
customer,n.,ˈkʌstəmə(r),"покупатель, клиент",The store manager spoke politely to every <b>customer</b>.,A2,Сервис,Oxford
background,n.,ˈbækɡraʊnd,"фон, задний план",She has a degree in history and a rich cultural <b>background</b>.,A2,Описание,Oxford
backward,adv.,ˈbækwəd,"назад, в обратном направлении",He took a step <b>backward</b> to let her pass.,A2,Навигация,Oxford
baggage,n.,ˈbæɡɪdʒ,багаж,You can leave your <b>baggage</b> at the hotel reception.,A2,Путешествия,Oxford
bake,v.,beɪk,"печь, выпекать",She likes to <b>bake</b> fresh bread on Sundays.,A2,Еда,Oxford
balance,n.,ˈbæləns,"баланс, равновесие",It is important to keep a good work-life <b>balance</b>.,A2,Жизнь,Oxford
basic,adj.,ˈbeɪsɪk,"базовый, основной",You need some <b>basic</b> knowledge of English for this job.,A2,Обучение,Oxford
basically,adv.,ˈbeɪsɪkli,"в основном, по сути",The task is <b>basically</b> finished now.,A2,Общение,Oxford
battery,n.,ˈbætəri,"батарейка, аккумулятор",My phone <b>battery</b> is almost dead.,A2,Технологии,Oxford
battle,n.,ˈbætl,"сражение, битва",The soldiers fought bravely in the <b>battle</b>.,A2,История,Oxford
beauty,n.,ˈbjuːti,красота,We admired the natural <b>beauty</b> of the mountains.,A2,Природа,Oxford
bee,n.,biː,пчела,A <b>bee</b> was buzzing around the garden flowers.,A2,Природа,Oxford
beef,n.,biːf,говядина,I would like a <b>beef</b> burger with fries.,A2,Еда,Oxford
behave,v.,bɪˈheɪv,вести себя,The children usually <b>behave</b> well at school.,A2,Поведение,Oxford
behaviour,n.,bɪˈheɪvjə(r),поведение,His polite <b>behaviour</b> impressed everyone.,A2,Поведение,Oxford
belong,v.,bɪˈlɒŋ,принадлежать,Does this umbrella <b>belong</b> to you?,A2,Общее,Oxford
belt,n.,belt,ремень,Fasten your seat <b>belt</b> before takeoff.,A2,Одежда,Oxford
benefit,n.,ˈbenɪfɪt,"польза, выгода",Regular exercise brings many health <b>benefit</b>s.,A2,Здоровье,Oxford
bin,n.,bɪn,мусорное ведро,Throw the wrapper into the <b>bin</b>.,A2,Быт,Oxford
biology,n.,baɪˈɒlədʒi,биология,We studied plant cells in our <b>biology</b> class.,A2,Обучение,Oxford
birth,n.,bɜːθ,рождение,The parents celebrated the <b>birth</b> of their child.,A2,Семья,Oxford
bit,n.,bɪt,"кусочек, немного",I need a <b>bit</b> of help with this task.,A2,Количество,Oxford
bite,v.,baɪt,"кусать, укусить","Be careful, that dog might <b>bite</b>.",A2,Действия,Oxford
bitter,adj.,ˈbɪtə(r),горький,This coffee tastes very <b>bitter</b> without sugar.,A2,Еда,Oxford
blame,v.,bleɪm,"винить, обвинять",Don't <b>blame</b> me for your mistakes.,A2,Общение,Oxford
blank,adj.,blæŋk,"пустой, чистый",Write your name on a <b>blank</b> sheet of paper.,A2,Описание,Oxford
blind,adj.,blaɪnd,слепой,He was born <b>blind</b> and uses a guide dog.,A2,Здоровье,Oxford
block,n.,blɒk,"блок, квартал",Walk two <b>block</b>s and turn right.,A2,Город,Oxford
blood,n.,blʌd,кровь,The doctor took a sample of her <b>blood</b>.,A2,Здоровье,Oxford
blow,v.,bləʊ,дуть,A strong wind started to <b>blow</b> from the north.,A2,Погода,Oxford
board,v.,bɔːd,садиться на борт (самолета/корабля),Passengers are ready to <b>board</b> the plane.,A2,Путешествия,Oxford
boil,v.,bɔɪl,"кипеть, варить",<b>Boil</b> the water before making tea.,A2,Еда,Oxford
bomb,n.,bɒm,бомба,The police safely removed the old <b>bomb</b>.,A2,Происшествия,Oxford
bone,n.,bəʊn,кость,Dogs love to chew on a <b>bone</b>.,A2,Тело,Oxford
border,n.,ˈbɔːdə(r),граница,We crossed the <b>border</b> into Germany.,A2,География,Oxford
boss,n.,bɒs,"босс, начальник",My <b>boss</b> approved my vacation request.,A2,Работа,Oxford
bother,v.,ˈbɒðə(r),"беспокоить, мешать","Sorry to <b>bother</b> you, but can I ask a question?",A2,Общение,Oxford
bowl,n.,bəʊl,миска,She ate a <b>bowl</b> of warm soup.,A2,Еда,Oxford
brain,n.,breɪn,мозг,The human <b>brain</b> controls the entire body.,A2,Тело,Oxford
branch,n.,brɑːntʃ,"ветка, филиал",They opened a new <b>branch</b> in London.,A2,Бизнес,Oxford
brave,adj.,breɪv,"храбрый, смелый",The <b>brave</b> firefighter saved the cat.,A2,Характер,Oxford
breathe,v.,briːð,дышать,Try to <b>breathe</b> slowly and deeply.,A2,Здоровье,Oxford
bride,n.,braɪd,невеста,The <b>bride</b> wore a beautiful white dress.,A2,Семья,Oxford
bridge,n.,brɪdʒ,мост,We walked across the old stone <b>bridge</b>.,A2,Город,Oxford
bright,adj.,braɪt,"яркий, светлый",The sun is very <b>bright</b> today.,A2,Описание,Oxford
brilliant,adj.,ˈbrɪliənt,"блестящий, отличный",She had a <b>brilliant</b> idea for the project.,A2,Успех,Oxford
broad,adj.,brɔːd,широкий,They walked down a <b>broad</b> street lined with trees.,A2,Описание,Oxford
brush,v.,brʌʃ,"чистить (щеткой), причесывать",Don't forget to <b>brush</b> your teeth.,A2,Быт,Oxford
builder,n.,ˈbɪldə(r),строитель,The <b>builder</b> repaired the damaged roof.,A2,Профессии,Oxford
bunch,n.,bʌntʃ,"букет, связка",He brought her a <b>bunch</b> of red roses.,A2,Предметы,Oxford
burn,v.,bɜːn,"гореть, жечь, обжигаться",Be careful not to <b>burn</b> your fingers on the stove.,A2,Происшествия,Oxford
butcher,n.,ˈbʊtʃə(r),мясник,He bought fresh meat at the local <b>butcher</b>.,A2,Профессии,Oxford
ability,n.,əˈbɪləti,"способность, умение",She has the <b>ability</b> to learn languages quickly.,A2,Качества,Oxford
able,adj.,ˈeɪbl,способный (что-то сделать),He is <b>able</b> to swim across the river.,A2,Качества,Oxford
abroad,adv.,əˈbrɔːd,"за границей, за границу",They decided to travel <b>abroad</b> this summer.,A2,Путешествия,Oxford
accept,v.,əkˈsept,"принимать, соглашаться",Please <b>accept</b> this gift from us.,A2,Действия,Oxford
accident,n.,ˈæksɪdənt,"несчастный случай, авария",Drive carefully to avoid an <b>accident</b>.,A2,Происшествия,Oxford
according to,prep.,əˈkɔːdɪŋ tuː,"согласно, в соответствии с","<b>According to</b> the weather report, it will rain.",A2,Общение,Oxford
achieve,v.,əˈtʃiːv,"достигать, добиваться",Hard work will help you <b>achieve</b> your goals.,A2,Успех,Oxford
active,adj.,ˈæktɪv,"активный, деятельный",He leads a very <b>active</b> lifestyle.,A2,Характер,Oxford
actually,adv.,ˈæktʃuəli,"на самом деле, фактически",I <b>actually</b> enjoyed the concert very much.,A2,Общение,Oxford
ad,n.,æd,"реклама, объявление",I saw an interesting <b>ad</b> in the newspaper.,A2,Медиа,Oxford
advertisement,n.,ədˈvɜːtɪsmənt,"реклама, объявление",This <b>advertisement</b> attracts a lot of customers.,A2,Медиа,Oxford
adapt,v.,əˈdæpt,"адаптироваться, приспосабливаться",It takes time to <b>adapt</b> to a new climate.,A2,Жизнь,Oxford
addiction,n.,əˈdɪkʃn,"зависимость, вредная привычка",Social media <b>addiction</b> is common among teens.,A2,Здоровье,Oxford
administration,n.,ədˌmɪnɪˈstreɪʃn,"администрация, управление",Please contact the school <b>administration</b>.,A2,Работа,Oxford
admire,v.,ədˈmaɪə(r),"восхищаться, любоваться",I <b>admire</b> her dedication to art.,A2,Чувства,Oxford
admit,v.,ədˈmɪt,"признавать, допускать",He had to <b>admit</b> that he made a mistake.,A2,Общение,Oxford
advanced,adj.,ədˈvɑːnst,"продвинутый, передовой",She attends an <b>advanced</b> English class.,A2,Обучение,Oxford
advantage,n.,ədˈvɑːntɪdʒ,"преимущество, выгода",Knowing two languages is a big <b>advantage</b>.,A2,Общее,Oxford
adventure,n.,ədˈventʃə(r),приключение,Their journey was a great <b>adventure</b>.,A2,Досуг,Oxford
advertise,v.,ˈædvətaɪz,рекламировать,Companies <b>advertise</b> their products on TV.,A2,Бизнес,Oxford
affect,v.,əˈfekt,"влиять, воздействовать",Stress can <b>affect</b> your health negatively.,A2,Здоровье,Oxford
against,prep.,əˈɡenst,против,We played a football match <b>against</b> another team.,A2,Спорт,Oxford
aged,adj.,eɪdʒd,в возрасте,She cares for an <b>aged</b> relative at home.,A2,Описание,Oxford
agent,n.,ˈeɪdʒənt,"агент, представитель",Talk to a travel <b>agent</b> to book the tour.,A2,Профессии,Oxford
agreement,n.,əˈɡriːmənt,"соглашение, договор",They signed a formal <b>agreement</b> today.,A2,Бизнес,Oxford
ahead,adv.,əˈhed,"впереди, вперед",Go straight <b>ahead</b> and turn left.,A2,Навигация,Oxford
aim,n.,eɪm,цель,His main <b>aim</b> is to learn English.,A2,Успех,Oxford
air conditioning,n.,ˈeə kənˌdɪʃənɪŋ,кондиционер,"Turn on the <b>air conditioning</b>, please.",A2,Дом,Oxford
airline,n.,ˈeəlaɪn,авиакомпания,Which <b>airline</b> are you flying with?,A2,Путешествия,Oxford
alarm,n.,əˈlɑːm,"тревога, будильник",My <b>alarm</b> rings at six every morning.,A2,Быт,Oxford
album,n.,ˈælbəm,альбом,They listened to their favourite music <b>album</b>.,A2,Искусство,Oxford
alcohol,n.,ˈælkəhɒl,алкоголь,He does not drink <b>alcohol</b> at all.,A2,Еда и напитки,Oxford
alive,adj.,əˈlaɪv,живой,The plant is still <b>alive</b> despite the cold.,A2,Природа,Oxford
all right,adj.,ˌɔːl ˈraɪt,в порядке,Are you feeling <b>all right</b> today?,A2,Состояние,Oxford
allow,v.,əˈlaʊ,"разрешать, позволять",Pets are not <b>allowed</b> in the hotel.,A2,Правила,Oxford
almost,adv.,ˈɔːlməʊst,почти,It is <b>almost</b> time to leave.,A2,Время,Oxford
alone,adj.,əˈləʊn,"один, в одиночку",She likes to walk <b>alone</b> in the park.,A2,Описание,Oxford
along,prep.,əˈlɒŋ,"вдоль, по",We walked <b>along</b> the river bank.,A2,Навигация,Oxford
already,adv.,ɔːlˈredi,уже,I have <b>already</b> finished my homework.,A2,Время,Oxford
alternative,n.,ɔːlˈtɜːnətɪv,альтернатива,We need to find an <b>alternative</b> plan.,A2,Выбор,Oxford
although,conj.,ɔːlˈðəʊ,"хотя, несмотря на то что","<b>Although</b> it was raining, we went for a walk.",A2,Связки,Oxford
among,prep.,əˈmʌŋ,"среди, между",She sat <b>among</b> her close friends.,A2,Отношения,Oxford
amount,n.,əˈmaʊnt,"количество, сумма",A large <b>amount</b> of water was wasted.,A2,Количество,Oxford
ancient,adj.,ˈeɪnʃənt,"древний, старинный",They visited an <b>ancient</b> temple in Greece.,A2,История,Oxford
ankle,n.,ˈæŋkl,"лодыжка, щиколотка",She twisted her <b>ankle</b> while running.,A2,Тело,Oxford
anniversary,n.,ˌænɪˈvɜːsəri,"годовщина, юбилей",They celebrated their wedding <b>anniversary</b>.,A2,Праздники,Oxford
announce,v.,əˈnaʊns,"объявлять, заявлять",They will <b>announce</b> the winner tomorrow.,A2,Общение,Oxford
announcement,n.,əˈnaʊnsmənt,"объявление, извещение",Listen carefully to the flight <b>announcement</b>.,A2,Информация,Oxford
annoy,v.,əˈnɔɪ,раздражать,Loud noises really <b>annoy</b> me.,A2,Эмоции,Oxford
annoyed,adj.,əˈnɔɪd,раздраженный,She felt <b>annoyed</b> by the delay.,A2,Эмоции,Oxford
annoying,adj.,əˈnɔɪɪŋ,раздражающий,He has an <b>annoying</b> habit of interrupting.,A2,Описание,Oxford
anxious,adj.,ˈæŋkʃəs,"тревожный, беспокоящийся",She felt <b>anxious</b> before the exam.,A2,Эмоции,Oxford
anyway,adv.,ˈeniweɪ,"в любом случае, так или иначе","It was cold, but we went out <b>anyway</b>.",A2,Общение,Oxford
anywhere,adv.,ˈeniweə(r),"где-нибудь, куда-нибудь",You can sit <b>anywhere</b> you like.,A2,Место,Oxford
apologize,v.,əˈpɒlədʒaɪz,извиняться,You should <b>apologize</b> for being late.,A2,Общение,Oxford
appearance,n.,əˈpɪərəns,"внешность, появление",Her physical <b>appearance</b> changed a lot.,A2,Описание,Oxford
apply,v.,əˈplaɪ,подавать заявление,She plans to <b>apply</b> for a new job.,A2,Работа,Oxford
appointment,n.,əˈpɔɪntmənt,"встреча, прием (у врача)",I have a doctor's <b>appointment</b> today.,A2,Здоровье,Oxford
architect,n.,ˈɑːkɪtekt,архитектор,An <b>architect</b> designed this house.,A2,Профессии,Oxford
argue,v.,ˈɑːɡjuː,спорить,They often <b>argue</b> about small things.,A2,Общение,Oxford
argument,n.,ˈɑːɡjumənt,"спор, аргумент",We had a long <b>argument</b> yesterday.,A2,Общение,Oxford
army,n.,ˈɑːmi,армия,He joined the <b>army</b> right after school.,A2,Общество,Oxford
arrange,v.,əˈreɪndʒ,организовывать,Let's <b>arrange</b> a meeting for next week.,A2,Действия,Oxford
arrest,v.,əˈrest,арестовывать,The police may <b>arrest</b> the suspect.,A2,Закон,Oxford
arrival,n.,əˈraɪvl,"прибытие, приезд",Check the screen for flight <b>arrival</b> times.,A2,Путешествия,Oxford
asleep,adj.,əˈsliːp,спящий,The baby is fast <b>asleep</b> in bed.,A2,Состояние,Oxford
assistant,n.,əˈsɪstənt,"ассистент, помощник",The shop <b>assistant</b> helped us find shoes.,A2,Профессии,Oxford
athlete,n.,ˈæθliːt,"спортсмен, атлет",The <b>athlete</b> won a gold medal.,A2,Спорт,Oxford
attach,v.,əˈtætʃ,"прикреплять, присоединять",Please <b>attach</b> the file to your email.,A2,Технологии,Oxford
attack,v.,əˈtæk,нападать,Animals rarely <b>attack</b> unless threatened.,A2,Происшествия,Oxford
attend,v.,əˈtend,"посещать, присутствовать",Many students <b>attend</b> the lecture.,A2,Обучение,Oxford
attention,n.,əˈtenʃn,внимание,Pay close <b>attention</b> to the instructions.,A2,Общение,Oxford
attitude,n.,ˈætɪtjuːd,"отношение, позиция",She has a positive <b>attitude</b> towards work.,A2,Характер,Oxford
attractive,adj.,əˈtræktɪv,привлекательный,It is an <b>attractive</b> city with old buildings.,A2,Описание,Oxford
audience,n.,ˈɔːdiəns,"аудитория, зрители",The <b>audience</b> applauded after the show.,A2,Культура,Oxford
author,n.,ˈɔːθə(r),автор,Who is the <b>author</b> of this book?,A2,Профессии,Oxford
authority,n.,ɔːˈθɒrəti,"власть, авторитет",The local <b>authority</b> built a new school.,A2,Общество,Oxford
available,adj.,əˈveɪləbl,доступный,Is this room <b>available</b> for tonight?,A2,Сервис,Oxford
average,adj.,ˈævərɪdʒ,средний,The <b>average</b> temperature here is twenty degrees.,A2,Описание,Oxford
avoid,v.,əˈvɔɪd,"избегать, уклоняться",Try to <b>avoid</b> eating junk food.,A2,Здоровье,Oxford
award,n.,əˈwɔːd,"награда, премия",He received an <b>award</b> for his bravery.,A2,Успех,Oxford
awful,adj.,ˈɔːfl,"ужасный, отвратительный",The weather was absolutely <b>awful</b>.,A2,Описание,Oxford
bank,n.,bæŋk,берег (реки),They sat on the grassy <b>bank</b> of the river.,A2,Природа,Oxford
weekly,adj.,ˈwiːkli,еженедельный,We hold a <b>weekly</b> team review meeting.,B1,Работа,Oxford
whatever,det.,wɒtˈevə(r),что бы ни,Do <b>whatever</b> is necessary to solve it.,B1,Общение,Oxford
whenever,conj.,wenˈevə(r),когда бы ни,Visit us <b>whenever</b> you are in town.,B1,Общение,Oxford
wherever,conj.,weərˈevə(r),где бы ни,Take your ID <b>wherever</b> you travel.,B1,Путешествия,Oxford
whether,conj.,ˈweðə(r),ли,I wonder <b>whether</b> it will rain today.,B1,Грамматика,Oxford
wildlife,n.,ˈwaɪldlaɪf,дикая природа,National parks protect local <b>wildlife</b>.,B1,Экология,Oxford
willing,adj.,ˈwɪlɪŋ,"готовый, согласный",She is <b>willing</b> to help new colleagues.,B1,Работа,Oxford
witness,n.,ˈwɪtnəs,свидетель,Police interviewed a key <b>witness</b>.,B1,Закон,Oxford
wound,n.,wuːnd,рана,Clean the open <b>wound</b> with antiseptic.,B1,Здоровье,Oxford
vary,v.,ˈveəri,"варьироваться, меняться",Prices <b>vary</b> depending on the season.,B1,Описание,Oxford
vast,adj.,vɑːst,"обширный, огромный",The desert stretches across a <b>vast</b> area.,B1,Природа,Oxford
violence,n.,ˈvaɪələns,насилие,The campaign aims to prevent street <b>violence</b>.,B1,Общество,Oxford
violent,adj.,ˈvaɪələnt,жестокий,They protested against <b>violent</b> computer games.,B1,Общество,Oxford
virtual,adj.,ˈvɜːtʃuəl,виртуальный,Students joined a <b>virtual</b> classroom online.,B1,Технологии,Oxford
vision,n.,ˈvɪʒn,видение,He has a clear <b>vision</b> for company growth.,B1,Мышление,Oxford
vital,adj.,ˈvaɪtl,жизненно важный,Water is <b>vital</b> for maintaining health.,B1,Здоровье,Oxford
ultimate,adj.,ˈʌltɪmət,"конечный, максимальный",Winning the cup was her <b>ultimate</b> goal.,B1,Успех,Oxford
ultimately,adv.,ˈʌltɪmətli,в конечном счете,Hard work <b>ultimately</b> leads to success.,B1,Мышление,Oxford
unconscious,adj.,ʌnˈkɒnʃəs,без сознания,The boxer was knocked <b>unconscious</b>.,B1,Здоровье,Oxford
undergo,v.,ˌʌndəˈɡəʊ,"подвергаться, проходить",Patients <b>undergo</b> regular health checks.,B1,Здоровье,Oxford
unfortunately,adv.,ʌnˈfɔːtʃənətli,к сожалению,"<b>Unfortunately</b>, the flight was cancelled.",B1,Общение,Oxford
unique,adj.,juˈniːk,уникальный,Each painting has its own <b>unique</b> style.,B1,Искусство,Oxford
unite,v.,juˈnaɪt,объединять(ся),Common goals help to <b>unite</b> people.,B1,Общество,Oxford
universal,adj.,ˌjuːnɪˈvɜːsl,"универсальный, всеобщий",Music is a <b>universal</b> human language.,B1,Культура,Oxford
unlikely,adj.,ʌnˈlaɪkli,маловероятный,It is highly <b>unlikely</b> to rain today.,B1,Погода,Oxford
update,v.,ˌʌpˈdeɪt,обновлять,Remember to <b>update</b> your phone apps.,B1,Технологии,Oxford
taste,n.,teɪst,вкус,This soup has a rich spicy <b>taste</b>.,B1,Еда,Oxford
technique,n.,tekˈniːk,"техника, метод",She uses a unique painting <b>technique</b>.,B1,Искусство,Oxford
tend,v.,tend,иметь тенденцию,Prices <b>tend</b> to rise during summer months.,B1,Экономика,Oxford
tension,n.,ˈtenʃn,напряжение,Meditation helps release muscle <b>tension</b>.,B1,Здоровье,Oxford
threat,n.,θret,угроза,Pollution poses a severe <b>threat</b> to wildlife.,B1,Экология,Oxford
threaten,v.,ˈθretn,угрожать,Dark clouds <b>threaten</b> to bring heavy rain.,B1,Погода,Oxford
tournament,n.,ˈtʊənəmənt,турнир,Our team won the tennis <b>tournament</b>.,B1,Спорт,Oxford
trace,v.,treɪs,"отслеживать, находить",Detectives tried to <b>trace</b> the missing vehicle.,B1,Закон,Oxford
tradition,n.,trəˈdɪʃn,традиция,Decorating the tree is a family <b>tradition</b>.,B1,Культура,Oxford
transfer,v.,trænsˈfɜː(r),переводить (деньги),She plans to <b>transfer</b> funds online.,B1,Деньги,Oxford
transform,v.,trænsˈfɔːm,преобразовывать,New technology can <b>transform</b> industries.,B1,Технологии,Oxford
trial,n.,ˈtraɪəl,судебный процесс,The court scheduled the murder <b>trial</b>.,B1,Закон,Oxford
tropical,adj.,ˈtrɒpɪkl,тропический,They vacationed on a lush <b>tropical</b> island.,B1,География,Oxford
sample,n.,ˈsɑːmpl,"образец, проба",The doctor took a blood <b>sample</b> for tests.,B1,Здоровье,Oxford
scheme,n.,skiːm,"схема, план",The government launched a green energy <b>scheme</b>.,B1,Общество,Oxford
secret,adj.,ˈsiːkrət,секретный,Keep this password strictly <b>secret</b>.,B1,Информация,Oxford
sector,n.,ˈsektə(r),"сектор, отрасль",Tourism is a vital <b>sector</b> of the economy.,B1,Экономика,Oxford
seek,v.,siːk,искать,Always <b>seek</b> advice from an expert.,B1,Советы,Oxford
sensitive,adj.,ˈsensətɪv,чувствительный,His eyes are very <b>sensitive</b> to bright light.,B1,Здоровье,Oxford
severe,adj.,sɪˈvɪə(r),"суровый, тяжелый",The region suffered <b>severe</b> winter storms.,B1,Погода,Oxford
shade,n.,ʃeɪd,тень,Sit under the tree in the cool <b>shade</b>.,B1,Природа,Oxford
shadow,n.,ˈʃædəʊ,тень (от объекта),The building cast a long dark <b>shadow</b>.,B1,Природа,Oxford
shift,n.,ʃɪft,смена,She works the night <b>shift</b> at the hospital.,B1,Работа,Oxford
significant,adj.,sɪɡˈnɪfɪkənt,значительный,We achieved <b>significant</b> progress this year.,B1,Описание,Oxford
slight,adj.,slaɪt,"незначительный, легкий",There was a <b>slight</b> change in plans.,B1,Описание,Oxford
smooth,adj.,smuːð,"гладкий, плавный",The ship sailed on <b>smooth</b> waters.,B1,Описание,Oxford
source,n.,sɔːs,источник,Fresh water is a vital life <b>source</b>.,B1,Природа,Oxford
specific,adj.,spəˈsɪfɪk,"конкретный, специфический",Give a <b>specific</b> example to explain.,B1,Информация,Oxford
stable,adj.,ˈsteɪbl,стабильный,His health condition is now <b>stable</b>.,B1,Здоровье,Oxford
struggle,v.,ˈstrʌɡl,бороться,Many small businesses <b>struggle</b> to survive.,B1,Бизнес,Oxford
supply,n.,səˈplaɪ,"поставка, запасы",The company maintains a steady food <b>supply</b>.,B1,Бизнес,Oxford
suspect,v.,səˈspekt,подозревать,Police <b>suspect</b> he was involved.,B1,Закон,Oxford
rarely,adv.,ˈreəli,редко,She <b>rarely</b> eats fast food.,B1,Питание,Oxford
reaction,n.,riˈækʃn,реакция,His immediate <b>reaction</b> was one of surprise.,B1,Эмоции,Oxford
reality,n.,riˈæləti,реальность,Sometimes <b>reality</b> is stranger than fiction.,B1,Технологии,Oxford
reduction,n.,rɪˈdʌkʃn,"сокращение, снижение",The shop offered a price <b>reduction</b>.,B1,Покупки,Oxford
refer,v.,rɪˈfɜː(r),"обращаться, ссылаться",Please <b>refer</b> to the user manual.,B1,Информация,Oxford
reflect,v.,rɪˈflekt,отражать,Mirrors <b>reflect</b> light effectively.,B1,Наука,Oxford
refund,n.,ˈriːfʌnd,возврат денег,Ask for a full <b>refund</b> if items are damaged.,B1,Покупки,Oxford
regard,v.,rɪˈɡɑːd,"расценивать, считать",Many <b>regard</b> him as an expert in AI.,B1,Мышление,Oxford
regulation,n.,ˌreɡjuˈleɪʃn,"правило, предписание",Strict environmental <b>regulation</b> was introduced.,B1,Закон,Oxford
reject,v.,rɪˈdʒekt,"отклонять, отвергать",The committee chose to <b>reject</b> the plan.,B1,Бизнес,Oxford
relative,n.,ˈrelətɪv,родственник,She visited a distant <b>relative</b> over the weekend.,B1,Семья,Oxford
relevant,adj.,ˈreləvənt,"актуальный, имеющий отношение",Include only <b>relevant</b> details in your CV.,B1,Работа,Oxford
relief,n.,rɪˈliːf,облегчение,Hearing the good news brought immense <b>relief</b>.,B1,Эмоции,Oxford
rely,v.,rɪˈlaɪ,полагаться,You can always <b>rely</b> on close friends.,B1,Общение,Oxford
represent,v.,ˌreprɪˈzent,представлять,Lawyers <b>represent</b> clients in court.,B1,Закон,Oxford
reputation,n.,ˌrepjuˈteɪʃn,репутация,The hotel has an excellent <b>reputation</b>.,B1,Бизнес,Oxford
requirement,n.,rɪˈkwaɪəmənt,требование,Meeting entry <b>requirement</b> standards is mandatory.,B1,Образование,Oxford
resident,n.,ˈrezɪdənt,житель,Local <b>resident</b>s protested against construction.,B1,Общество,Oxford
resist,v.,rɪˈzɪst,"сопротивляться, противостоять",It is hard to <b>resist</b> fresh chocolate cake.,B1,Еда,Oxford
resource,n.,rɪˈsɔːs,ресурс,Water is a precious natural <b>resource</b>.,B1,Экология,Oxford
reveal,v.,rɪˈviːl,"раскрывать, выявлять",Tests <b>reveal</b> crucial scientific data.,B1,Наука,Oxford
ridiculous,adj.,rɪˈdɪkjələs,"нелепый, смехотворный",That price seems completely <b>ridiculous</b>.,B1,Описание,Oxford
qualify,v.,ˈkwɒlɪfaɪ,"квалифицироваться, получать право",She worked hard to <b>qualify</b> as a doctor.,B1,Работа,Oxford
quote,v.,kwəʊt,цитировать,The speaker loved to <b>quote</b> classic authors.,B1,Общение,Oxford
patient,adj.,ˈpeɪʃnt,терпеливый,A teacher needs to be calm and <b>patient</b>.,B1,Характер,Oxford
penalty,n.,ˈpenəlti,"штраф, наказание",Drivers face a heavy <b>penalty</b> for speeding.,B1,Закон,Oxford
pension,n.,ˈpenʃn,пенсия,He receives a state <b>pension</b> every month.,B1,Деньги,Oxford
persuade,v.,pəˈsweɪd,убеждать,Try to <b>persuade</b> him to join our team.,B1,Общение,Oxford
potential,adj.,pəˈtenʃl,потенциальный,We need to attract <b>potential</b> investors.,B1,Бизнес,Oxford
praise,v.,preɪz,хвалить,Teachers always <b>praise</b> hard-working students.,B1,Обучение,Oxford
preparation,n.,ˌprepəˈreɪʃn,подготовка,Exam <b>preparation</b> requires quiet focus.,B1,Обучение,Oxford
preserve,v.,prɪˈzɜːv,"сохранять, оберегать",We must work to <b>preserve</b> historical sites.,B1,Культура,Oxford
pressure,n.,ˈpreʃə(r),давление,Working under high <b>pressure</b> can cause stress.,B1,Работа,Oxford
principle,n.,ˈprɪnsəpl,принцип,Equality is a core democratic <b>principle</b>.,B1,Общество,Oxford
priority,n.,praɪˈɒrəti,приоритет,Safety is our highest corporate <b>priority</b>.,B1,Бизнес,Oxford
privacy,n.,ˈprɪvəsi,"конфиденциальность, приватность",Respect personal <b>privacy</b> online.,B1,Технологии,Oxford
procedure,n.,prəˈsiːdʒə(r),"процедура, порядок действий",Follow the standard safety <b>procedure</b>.,B1,Работа,Oxford
profession,n.,prəˈfeʃn,профессия,Teaching is a respected <b>profession</b>.,B1,Профессии,Oxford
profit,n.,ˈprɒfɪt,прибыль,The company made a neat <b>profit</b> this quarter.,B1,Деньги,Oxford
proposal,n.,prəˈpəʊzl,"предложение, проект",The board approved our business <b>proposal</b>.,B1,Бизнес,Oxford
purchase,v.,ˈpɜːtʃəs,"покупать, приобретать",You can <b>purchase</b> tickets online.,B1,Покупки,Oxford
objective,n.,əbˈdʒektɪv,"цель, задача",Our main <b>objective</b> is to improve quality.,B1,Бизнес,Oxford
obligation,n.,ˌɒblɪˈɡeɪʃn,"обязательство, обязанность",You have no legal <b>obligation</b> to agree.,B1,Закон,Oxford
observation,n.,ˌɒbzəˈveɪʃn,наблюдение,Scientific progress relies on careful <b>observation</b>.,B1,Наука,Oxford
observe,v.,əbˈzɜːv,наблюдать,Researchers <b>observe</b> animal behaviour in the wild.,B1,Наука,Oxford
obtain,v.,əbˈteɪn,"получать, приобретать",You need a permit to <b>obtain</b> these goods.,B1,Работа,Oxford
occur,v.,əˈkɜː(r),"происходить, случаться",Accidents often <b>occur</b> on wet roads.,B1,События,Oxford
offend,v.,əˈfend,"обижать, задевать",Be careful not to <b>offend</b> anyone with jokes.,B1,Общение,Oxford
offensive,adj.,əˈfensɪv,оскорбительный,His remarks were deeply <b>offensive</b> to many.,B1,Общение,Oxford
opponent,n.,əˈpəʊnənt,"оппонент, соперник",He shook hands with his chess <b>opponent</b>.,B1,Спорт,Oxford
oppose,v.,əˈpəʊz,выступать против,Local residents <b>oppose</b> building a new factory.,B1,Общество,Oxford
origin,n.,ˈɒrɪdʒɪn,происхождение,The <b>origin</b> of the word comes from Latin.,B1,История,Oxford
outcome,n.,ˈaʊtkʌm,"результат, исход",We are waiting for the final election <b>outcome</b>.,B1,Результат,Oxford
outline,v.,ˈaʊtlaɪn,"излагать, очерчивать",The speaker will <b>outline</b> the main points.,B1,Информация,Oxford
overall,adj.,ˌəʊvərˈɔːl,"общий, в целом",The <b>overall</b> performance of the company grew.,B1,Экономика,Oxford
overcome,v.,ˌəʊvəˈkʌm,преодолевать,Together we can <b>overcome</b> these difficulties.,B1,Успех,Oxford
owe,v.,əʊ,быть должным,I <b>owe</b> you an apology for being late.,B1,Общение,Oxford
necessity,n.,nəˈsesəti,необходимость,Fresh water is a basic human <b>necessity</b>.,B1,Общество,Oxford
negative,adj.,ˈneɡətɪv,"негативный, отрицательный",Stress can have a <b>negative</b> effect on health.,B1,Психология,Oxford
negotiate,v.,nɪˈɡəʊʃieɪt,вести переговоры,They met to <b>negotiate</b> a new trade agreement.,B1,Бизнес,Oxford
nerve,n.,nɜːv,нерв,The optical <b>nerve</b> sends signals to the brain.,B1,Здоровье,Oxford
neutral,adj.,ˈnjuːtrəl,нейтральный,Switzerland remained <b>neutral</b> during the conflict.,B1,Политика,Oxford
nevertheless,adv.,ˌnevəðəˈles,тем не менее,"It was raining; <b>nevertheless</b>, we went for a walk.",B1,Грамматика,Oxford
numerous,adj.,ˈnjuːmərəs,многочисленный,There are <b>numerous</b> reasons to adopt a pet.,B1,Описание,Oxford
nutrition,n.,njuˈtrɪʃn,питание,Good <b>nutrition</b> is essential for growing children.,B1,Здоровье,Oxford
maintain,v.,meɪnˈteɪn,"поддерживать, сохранять",It is important to <b>maintain</b> a healthy diet.,B1,Здоровье,Oxford
manufacture,v.,ˌmænjuˈfæktʃə(r),"производить, изготовлять",The company uses green energy to <b>manufacture</b> goods.,B1,Бизнес,Oxford
massive,adj.,ˈmæsɪv,"массивный, огромный",They faced a <b>massive</b> challenge during the project.,B1,Описание,Oxford
master,v.,ˈmɑːstə(r),"осваивать, овладевать",It takes time to <b>master</b> a new language.,B1,Обучение,Oxford
mental,adj.,ˈmentl,"умственный, ментальный",Physical activity supports strong <b>mental</b> health.,B1,Здоровье,Oxford
minor,adj.,ˈmaɪnə(r),"незначительный, мелкий",It was only a <b>minor</b> misunderstanding.,B1,Описание,Oxford
minority,n.,maɪˈnɒrəti,меньшинство,Only a <b>minority</b> of voters attended the meeting.,B1,Общество,Oxford
modify,v.,ˈmɒdɪfaɪ,"видоизменять, модифицировать",You can <b>modify</b> the settings at any time.,B1,Технологии,Oxford
moreover,adv.,mɔːrˈəʊvə(r),более того,"The house is spacious; <b>moreover</b>, it is affordable.",B1,Грамматика,Oxford
motivate,v.,ˈməʊtɪveɪt,мотивировать,Rewards help <b>motivate</b> employees to achieve goals.,B1,Работа,Oxford
layer,n.,ˈleɪə(r),слой,Wear a warm <b>layer</b> of clothing in winter.,B1,Быт,Oxford
leadership,n.,ˈliːdəʃɪp,"лидерство, руководство",He demonstrated strong <b>leadership</b> skills.,B1,Работа,Oxford
legal,adj.,ˈliːɡl,"законный, легальный",They sought professional <b>legal</b> advice.,B1,Закон,Oxford
literature,n.,ˈlɪtrətʃə(r),литература,She studies classical English <b>literature</b>.,B1,Культура,Oxford
live,adj.,laɪv,прямой (эфир),They watched the <b>live</b> broadcast of the match.,B1,Медиа,Oxford
keen,adj.,kiːn,увлечённый,She is very <b>keen</b> on learning foreign languages.,B1,Характер,Oxford
key,adj.,kiː,"ключевой, главный",Teamwork is a <b>key</b> factor in our success.,B1,Описание,Oxford
kindness,n.,ˈkaɪndnəs,доброта,We deeply appreciated her warmth and <b>kindness</b>.,B1,Характер,Oxford
judgment,n.,ˈdʒʌdʒmənt,суждение,Trust your own <b>judgment</b> when making decisions.,B1,Мышление,Oxford
justice,n.,ˈdʒʌstɪs,"справедливость, правосудие",They organized a march to demand <b>justice</b>.,B1,Закон,Oxford
justify,v.,ˈdʒʌstɪfaɪ,"оправдывать, обосновывать",You must <b>justify</b> the extra costs to the board.,B1,Бизнес,Oxford
identical,adj.,aɪˈdentɪkl,"идентичный, одинаковый",The twin sisters wore <b>identical</b> dresses.,B1,Описание,Oxford
implement,v.,ˈɪmplɪment,"внедрять, реализовывать",We plan to <b>implement</b> new rules next month.,B1,Бизнес,Oxford
implication,n.,ˌɪmplɪˈkeɪʃn,последствие,Consider every <b>implication</b> before taking action.,B1,Мышление,Oxford
impose,v.,ɪmˈpəʊz,"налагать, навязывать",Governments <b>impose</b> taxes on goods.,B1,Закон,Oxford
income,n.,ˈɪnkʌm,доход,Her monthly <b>income</b> covers all expenses.,B1,Деньги,Oxford
increasingly,adv.,ɪnˈkriːsɪŋli,"все больше, в большей степени",It is becoming <b>increasingly</b> difficult to find space.,B1,Описание,Oxford
industrial,adj.,ɪnˈdʌstriəl,"индустриальный, промышленный",They work in an <b>industrial</b> area.,B1,Бизнес,Oxford
inner,adj.,ˈɪnə(r),внутренний,Meditation helps achieve peace and <b>inner</b> calm.,B1,Психология,Oxford
insight,n.,ˈɪnsaɪt,"понимание, инсайт",The book provides deep <b>insight</b> into human nature.,B1,Мышление,Oxford
institution,n.,ˌɪnstɪˈtjuːʃn,"учреждение, институт",University is a respected higher <b>institution</b>.,B1,Общество,Oxford
insurance,n.,ɪnˈʃʊərəns,страховка,Car <b>insurance</b> is required by law.,B1,Деньги,Oxford
interpret,v.,ɪnˈtɜːprət,переводить (устно),Translators <b>interpret</b> spoken words live.,B1,Языки,Oxford
investment,n.,ɪnˈvestmənt,инвестиция,Buying property is a safe long-term <b>investment</b>.,B1,Деньги,Oxford
harm,n.,hɑːm,"вред, ущерб",Smoking causes serious <b>harm</b> to your health.,B1,Здоровье,Oxford
harmful,adj.,ˈhɑːmfl,вредный,Excessive sun exposure can be <b>harmful</b>.,B1,Здоровье,Oxford
headquarters,n.,ˌhedˈkwɔːtəz,штаб-квартира,The company's <b>headquarters</b> are in London.,B1,Бизнес,Oxford
heal,v.,hiːl,"заживать, исцелять",Minor wounds usually <b>heal</b> quickly.,B1,Здоровье,Oxford
hearing,n.,ˈhɪərɪŋ,слух,Regular noise damages your <b>hearing</b> ability.,B1,Здоровье,Oxford
heaven,n.,ˈhevn,небо,Stars shone brightly in the clear <b>heaven</b>.,B1,Природа,Oxford
helpless,adj.,ˈhelpləs,беспомощный,Animals feel <b>helpless</b> during extreme weather.,B1,Эмоции,Oxford
household,n.,ˈhaʊshəʊld,"домохозяйство, семья",Every <b>household</b> must reduce energy consumption.,B1,Быт,Oxford
humorous,adj.,ˈhjuːmərəs,"юмористический, смешной",He told a <b>humorous</b> story at dinner.,B1,Развлечения,Oxford
hunger,n.,ˈhʌŋɡə(r),голод,Millions suffer from extreme <b>hunger</b> worldwide.,B1,Общество,Oxford
hypothesis,n.,haɪˈpɒθəsɪs,гипотеза,Scientists tested their <b>hypothesis</b> in the lab.,B1,Наука,Oxford
gather,v.,ˈɡæðə(r),собирать(ся),People began to <b>gather</b> in the central square.,B1,Общество,Oxford
generate,v.,ˈdʒenəreɪt,"генерировать, производить",Wind turbines <b>generate</b> clean electricity.,B1,Технологии,Oxford
genuine,adj.,ˈdʒenjuɪn,"настоящий, искренний",His smile seemed warm and <b>genuine</b>.,B1,Описание,Oxford
gesture,n.,ˈdʒestʃə(r),жест,A smile is a universal friendly <b>gesture</b>.,B1,Общение,Oxford
gradual,adj.,ˈɡrædʒuəl,постепенный,We noticed a <b>gradual</b> improvement in performance.,B1,Описание,Oxford
grant,n.,ɡrɑːnt,"грант, субсидия",She received an academic <b>grant</b> for research.,B1,Обучение,Oxford
guarantee,v.,ˌɡærənˈtiː,гарантировать,We <b>guarantee</b> a full refund within thirty days.,B1,Сервис,Oxford
guidance,n.,ˈɡaɪdns,"руководство, помощь",Seek professional <b>guidance</b> before investing.,B1,Советы,Oxford
faith,n.,feɪθ,"вера, доверие",She never lost <b>faith</b> in her dreams.,B1,Психология,Oxford
fancy,v.,ˈfænsi,"хотеть, нравиться",Do you <b>fancy</b> going out for dinner tonight?,B1,Общение,Oxford
fault,n.,fɔːlt,вина,It was not my <b>fault</b> that the train was delayed.,B1,Общение,Oxford
favour,n.,ˈfeɪvə(r),одолжение,Could you do me a quick <b>favour</b>?,B1,Общение,Oxford
fear,n.,fɪə(r),страх,He stepped forward despite his inner <b>fear</b>.,B1,Эмоции,Oxford
fee,n.,fiː,"плата, сбор",University tuition <b>fee</b> covers course materials.,B1,Деньги,Oxford
finding,n.,ˈfaɪndɪŋ,"результат, находка",Research <b>finding</b>s show positive health trends.,B1,Наука,Oxford
fine,n.,faɪn,штраф,He had to pay a heavy <b>fine</b> for speeding.,B1,Закон,Oxford
flame,n.,fleɪm,пламя,A single candle <b>flame</b> lit up the room.,B1,Природа,Oxford
flexible,adj.,ˈfleksəbl,гибкий,We offer <b>flexible</b> working hours to all employees.,B1,Работа,Oxford
flood,n.,flʌd,наводнение,The heavy rainfall caused a severe <b>flood</b>.,B1,Природа,Oxford
flow,n.,fləʊ,"поток, течение",The river has a fast water <b>flow</b>.,B1,Природа,Oxford
fluent,adj.,ˈfluːənt,свободно владеющий (языком),She is <b>fluent</b> in English and Spanish.,B1,Языки,Oxford
force,n.,fɔːs,"сила, воздействие",The storm hit the coast with tremendous <b>force</b>.,B1,Природа,Oxford
forecast,n.,ˈfɔːkɑːst,прогноз,Check the weather <b>forecast</b> before traveling.,B1,Погода,Oxford
fortune,n.,ˈfɔːtʃuːn,состояние (богатство),He made a large <b>fortune</b> in real estate.,B1,Деньги,Oxford
foundation,n.,faʊnˈdeɪʃn,основа,Honesty forms the <b>foundation</b> of strong trust.,B1,Общество,Oxford
fund,n.,fʌnd,"фонд, средства",The project is supported by a public <b>fund</b>.,B1,Деньги,Oxford
fundamental,adj.,ˌfʌndəˈmentl,"фундаментальный, основной",Respect is a <b>fundamental</b> human value.,B1,Мышление,Oxford
further,adj.,ˈfɜːðə(r),"дальнейший, дополнительный","For <b>further</b> details, please visit our website.",B1,Информация,Oxford
earthquake,n.,ˈɜːθkweɪk,землетрясение,The severe <b>earthquake</b> shook the entire region.,B1,Природа,Oxford
editor,n.,ˈedɪtə(r),редактор,The newspaper <b>editor</b> reviewed the article.,B1,Медиа,Oxford
efficient,adj.,ɪˈfɪʃnt,"рациональный, продуктивный",Solar panels offer an <b>efficient</b> energy source.,B1,Технологии,Oxford
elderly,adj.,ˈeldəli,пожилой,We should offer seat priority to <b>elderly</b> people.,B1,Общество,Oxford
emerge,v.,ɪˈmɜːdʒ,"появляться, возникать",New details began to <b>emerge</b> during trial.,B1,Информация,Oxford
emphasize,v.,ˈemfəsaɪz,"подчеркивать, акцентировать",Teachers <b>emphasize</b> the need for regular practice.,B1,Обучение,Oxford
enable,v.,ɪˈneɪbl,"позволять, давать возможность",Grants <b>enable</b> students to pursue research.,B1,Обучение,Oxford
encounter,v.,ɪnˈkaʊntə(r),сталкиваться,You may <b>encounter</b> challenges in new environments.,B1,Опыт,Oxford
engage,v.,ɪnˈɡeɪdʒ,вовлекать(ся),Try to <b>engage</b> students with interactive tasks.,B1,Обучение,Oxford
ensure,v.,ɪnˈʃʊə(r),"обеспечивать, гарантировать",Double-check details to <b>ensure</b> complete accuracy.,B1,Бизнес,Oxford
enthusiasm,n.,ɪnˈθjuːziæzəm,энтузиазм,He showed great <b>enthusiasm</b> for the new project.,B1,Характер,Oxford
entirely,adv.,ɪnˈtaɪəli,"полностью, целиком",I agree <b>entirely</b> with your proposal.,B1,Общение,Oxford
evaluate,v.,ɪˈvæljueɪt,оценивать,Teachers <b>evaluate</b> student performance through tests.,B1,Обучение,Oxford
evidence,n.,ˈevɪdəns,"доказательство, улики",Police collected clear <b>evidence</b> at the scene.,B1,Закон,Oxford
exaggerate,v.,ɪɡˈzædʒəreɪt,преувеличивать,Don't <b>exaggerate</b> the scale of the problem.,B1,Общение,Oxford
executive,n.,ɪɡˈzekjətɪv,руководитель,The chief <b>executive</b> announced structural changes.,B1,Бизнес,Oxford
existence,n.,ɪɡˈzɪstəns,существование,Scientists question the <b>existence</b> of alien life.,B1,Наука,Oxford
expand,v.,ɪkˈspænd,расширять(ся),The business plans to <b>expand</b> overseas.,B1,Бизнес,Oxford
expense,n.,ɪkˈspens,"расход, трата",Travel costs are covered as a business <b>expense</b>.,B1,Деньги,Oxford
debt,n.,det,долг,He worked hard to pay off his <b>debt</b>.,B1,Деньги,Oxford
decade,n.,ˈdekeɪd,десятилетие,Technology evolved fast over the last <b>decade</b>.,B1,Время,Oxford
decent,adj.,ˈdiːsnt,"приличный, достойный",He found a <b>decent</b> job in the city.,B1,Описание,Oxford
define,v.,dɪˈfaɪn,определять,Dictionaries <b>define</b> the meaning of words.,B1,Обучение,Oxford
definite,adj.,ˈdefɪnət,"определенный, точный",We need a <b>definite</b> answer by tomorrow.,B1,Общение,Oxford
delightful,adj.,dɪˈlaɪtfl,восхитительный,We spent a <b>delightful</b> evening together.,B1,Эмоции,Oxford
demonstrate,v.,ˈdemənstreɪt,демонстрировать,She will <b>demonstrate</b> how the machine works.,B1,Обучение,Oxford
deny,v.,dɪˈnaɪ,отрицать,He tried to <b>deny</b> any connection to the crime.,B1,Закон,Oxford
deposit,n.,dɪˈpɒzɪt,залог,Pay a small <b>deposit</b> to reserve the flat.,B1,Деньги,Oxford
desperately,adv.,ˈdespərətli,отчаянно,They were <b>desperately</b> searching for water.,B1,Эмоции,Oxford
despite,prep.,dɪˈspaɪt,несмотря на,We enjoyed our trip <b>despite</b> the bad weather.,B1,Грамматика,Oxford
destruction,n.,dɪˈstrʌkʃn,разрушение,The storm caused massive <b>destruction</b> across town.,B1,Природа,Oxford
determination,n.,dɪˌtɜːmɪˈneɪʃn,решимость,Her <b>determination</b> helped her win the race.,B1,Характер,Oxford
device,n.,dɪˈvaɪs,"устройство, прибор",Keep your digital <b>device</b> fully charged.,B1,Технологии,Oxford
disabled,adj.,dɪsˈeɪbld,с ограниченными возможностями,The building has ramp access for <b>disabled</b> visitors.,B1,Общество,Oxford
disappointment,n.,ˌdɪsəˈpɔɪntmənt,разочарование,Failing the exam was a major <b>disappointment</b>.,B1,Эмоции,Oxford
discourage,v.,dɪsˈkʌrɪdʒ,обескураживать,Don't let failure <b>discourage</b> your effort.,B1,Психология,Oxford
distinguish,v.,dɪˈstɪŋɡwɪʃ,различать,It is hard to <b>distinguish</b> twin brothers.,B1,Восприятие,Oxford
distribute,v.,dɪˈstrɪbjuːt,"распределять, раздавать",Volunteers <b>distribute</b> food supplies to families.,B1,Общество,Oxford
district,n.,ˈdɪstrɪkt,"район, округ",She lives in the central financial <b>district</b>.,B1,Город,Oxford
dominate,v.,ˈdɒmɪneɪt,доминировать,Tech giants <b>dominate</b> the global market.,B1,Бизнес,Oxford
capacity,n.,kəˈpæsəti,"емкость, вместимость",The hall has a seating <b>capacity</b> of five hundred.,B1,Описание,Oxford
capture,v.,ˈkæptʃə(r),запечатлевать,The camera <b>captured</b> a stunning sunrise.,B1,Медиа,Oxford
cell,n.,sel,клетка,The human body contains billions of <b>cells</b>.,B1,Наука,Oxford
chairman,n.,ˈtʃeəmən,председатель,The <b>chairman</b> opened the official meeting.,B1,Бизнес,Oxford
characteristic,n.,ˌkærəktəˈrɪstɪk,"характеристика, черта",Patience is a key <b>characteristic</b> of good teachers.,B1,Характер,Oxford
circumstance,n.,ˈsɜːkəmstæns,обстоятельство,Under no <b>circumstance</b> should you leave.,B1,Общее,Oxford
citizen,n.,ˈsɪtɪzn,гражданин,Every <b>citizen</b> has the right to vote.,B1,Общество,Oxford
civil,adj.,ˈsɪvl,гражданский,The court handles both <b>civil</b> and criminal cases.,B1,Закон,Oxford
classic,adj.,ˈklæsɪk,классический,He enjoys reading <b>classic</b> literature.,B1,Культура,Oxford
collapse,v.,kəˈlæps,"рухнуть, обвалиться",The bridge <b>collapsed</b> during the earthquake.,B1,Природа,Oxford
colleague,n.,ˈkɒliːɡ,коллега,I discussed the proposal with a <b>colleague</b>.,B1,Работа,Oxford
combination,n.,ˌkɒmbɪˈneɪʃn,"комбинация, сочетание",A <b>combination</b> of hard work and luck led to success.,B1,Общее,Oxford
combine,v.,kəmˈbaɪn,объединять,<b>Combine</b> the ingredients in a bowl.,B1,Еда,Oxford
comfort,n.,ˈkʌmfət,утешение,Her kind words brought him great <b>comfort</b>.,B1,Эмоции,Oxford
command,n.,kəˈmɑːnd,"команда, приказ",The soldiers obeyed the captain's <b>command</b>.,B1,Общение,Oxford
commercial,adj.,kəˈmɜːʃl,коммерческий,The zone is used for <b>commercial</b> activities.,B1,Бизнес,Oxford
commission,n.,kəˈmɪʃn,комиссия,He earns a ten percent <b>commission</b> on sales.,B1,Бизнес,Oxford
commit,v.,kəˈmɪt,совершать (ошибку/преступление),It is wrong to <b>commit</b> a crime.,B1,Закон,Oxford
commitment,n.,kəˈmɪtmənt,обязательство,Marriage requires a deep lifelong <b>commitment</b>.,B1,Отношения,Oxford
committee,n.,kəˈmɪti,комитет,The <b>committee</b> meets once a month.,B1,Общество,Oxford
commonly,adv.,ˈkɒmənli,"обычно, часто",This symptom is <b>commonly</b> seen in patients.,B1,Здоровье,Oxford
complicated,adj.,ˈkɒmplɪkeɪtɪd,"запутанный, сложный",Instructions were confusing and <b>complicated</b>.,B1,Описание,Oxford
component,n.,kəmˈpəʊnənt,компонент,Engineers checked every electrical <b>component</b>.,B1,Технологии,Oxford
concept,n.,ˈkɒnsept,"концепция, понятие",He introduced a new <b>concept</b> in design.,B1,Мышление,Oxford
concern,n.,kənˈsɜːn,"обеспокоенность, забота",Safety remains our highest <b>concern</b>.,B1,Общество,Oxford
concerned,adj.,kənˈsɜːnd,обеспокоенный,Parents were <b>concerned</b> about the news.,B1,Эмоции,Oxford
conclude,v.,kənˈkluːd,завершать,We will <b>conclude</b> the meeting shortly.,B1,Общение,Oxford
conduct,v.,kənˈdʌkt,проводить (исследование/мероприятие),Scientists <b>conduct</b> experiments in laboratories.,B1,Наука,Oxford
confidence,n.,ˈkɒnfədəns,уверенность,Self-<b>confidence</b> is essential for success.,B1,Характер,Oxford
confident,adj.,ˈkɒnfədənt,уверенный,She is <b>confident</b> about passing her driving test.,B1,Характер,Oxford
confirm,v.,kənˈfɜːm,подтверждать,Please <b>confirm</b> your reservation by email.,B1,Бизнес,Oxford
conflict,n.,ˈkɒnflɪkt,конфликт,They resolved the internal <b>conflict</b> peacefully.,B1,Общество,Oxford
confuse,v.,kənˈfjuːz,путать,Don't <b>confuse</b> the two different terms.,B1,Мышление,Oxford
confused,adj.,kənˈfjuːzd,озадаченный,I felt <b>confused</b> by the complex instructions.,B1,Эмоции,Oxford
connection,n.,kəˈnekʃn,"связь, соединение",There is a strong <b>connection</b> between diet and health.,B1,Здоровье,Oxford
consequence,n.,ˈkɒnsɪkwəns,"следствие, последствие",Every action has a natural <b>consequence</b>.,B1,Мышление,Oxford
considerable,adj.,kənˈsɪdərəbl,значительный,It took a <b>considerable</b> amount of time.,B1,Количество,Oxford
consist,v.,kənˈsɪst,состоять из,The team <b>consists</b> of five experts.,B1,Описание,Oxford
constant,adj.,ˈkɒnstənt,постоянный,He suffers from <b>constant</b> noise at night.,B1,Описание,Oxford
construct,v.,kənˈstrʌkt,"строить, конструировать",Engineers plan to <b>construct</b> a new bridge.,B1,Строительство,Oxford
construction,n.,kənˈstrʌkʃn,строительство,Building <b>construction</b> will begin next spring.,B1,Строительство,Oxford
consumer,n.,kənˈsjuːmə(r),потребитель,<b>Consumer</b> demand drives the market economy.,B1,Экономика,Oxford
contact,v.,ˈkɒntækt,связываться,Feel free to <b>contact</b> me anytime.,B1,Общение,Oxford
container,n.,kənˈteɪnə(r),контейнер,Store leftovers in a sealed <b>container</b>.,B1,Быт,Oxford
contemporary,adj.,kənˈtempərəri,современный,She collects <b>contemporary</b> abstract art.,B1,Искусство,Oxford
content,n.,ˈkɒntent,"содержание, контент",The website offers useful video <b>content</b>.,B1,Медиа,Oxford
contest,n.,ˈkɒntest,"конкурс, состязание",She won first place in a photo <b>contest</b>.,B1,Развлечения,Oxford
continuous,adj.,kənˈtɪnjuəs,непрерывный,Rain was <b>continuous</b> throughout the night.,B1,Погода,Oxford
contract,n.,ˈkɒntrækt,"контракт, договор",They signed a three-year work <b>contract</b>.,B1,Бизнес,Oxford
contrast,n.,ˈkɒntrɑːst,контраст,There is a sharp <b>contrast</b> between light and dark.,B1,Описание,Oxford
contribute,v.,kənˈtrɪbjuːt,вносить вклад,Many factors <b>contribute</b> to climate change.,B1,Общество,Oxford
contribution,n.,ˌkɒntrɪˈbjuːʃn,вклад,Her <b>contribution</b> to science was recognized.,B1,Успех,Oxford
convenient,adj.,kənˈviːniənt,удобный,Online banking is very <b>convenient</b>.,B1,Сервис,Oxford
convert,v.,kənˈvɜːt,преобразовывать,They <b>convert</b> solar power into electricity.,B1,Технологии,Oxford
convinced,adj.,kənˈvɪnst,убежденный,I am <b>convinced</b> that this plan will work.,B1,Мышление,Oxford
cope,v.,kəʊp,справляться,It is hard to <b>cope</b> with high workload.,B1,Психология,Oxford
core,n.,kɔː(r),суть,Honesty is at the <b>core</b> of their philosophy.,B1,Мышление,Oxford
corporate,adj.,ˈkɔːpərət,корпоративный,She works in a <b>corporate</b> office downtown.,B1,Бизнес,Oxford
council,n.,ˈkaʊnsl,совет (орган),The local <b>council</b> approved the building plan.,B1,Общество,Oxford
county,n.,ˈkaʊnti,"округ, графство",They live in a quiet rural <b>county</b>.,B1,География,Oxford
courage,n.,ˈkʌrɪdʒ,"смелость, мужество",It took <b>courage</b> to speak up against injustice.,B1,Характер,Oxford
crash,n.,kræʃ,"авария, крушение",The car <b>crash</b> blocked traffic on the highway.,B1,Транспорт,Oxford
creation,n.,kriˈeɪʃn,"создание, творение",The <b>creation</b> of new jobs is vital for economy.,B1,Экономика,Oxford
creativity,n.,ˌkriːeɪˈtɪvəti,"творчество, креативность",Designers use <b>creativity</b> to solve problems.,B1,Искусство,Oxford
creature,n.,ˈkriːtʃə(r),"существо, создание",Deep ocean <b>creatures</b> adapt to extreme cold.,B1,Природа,Oxford
credit,n.,ˈkredɪt,заслуга,She took full <b>credit</b> for the project success.,B1,Бизнес,Oxford
crew,n.,kruː,"экипаж, команда",The ship's <b>crew</b> managed the vessel safely.,B1,Работа,Oxford
crisis,n.,ˈkraɪsɪs,кризис,The company managed to survive the financial <b>crisis</b>.,B1,Экономика,Oxford
criterion,n.,kraɪˈtɪəriən,критерий,Quality is the primary <b>criterion</b> for selection.,B1,Оценка,Oxford
critical,adj.,ˈkrɪtɪkl,критический,Timing is a <b>critical</b> factor in this operation.,B1,Описание,Oxford
criticism,n.,ˈkrɪtɪsɪzəm,критика,Accept constructive <b>criticism</b> to improve skills.,B1,Общение,Oxford
criticize,v.,ˈkrɪtɪsaɪz,критиковать,It is easy to <b>criticize</b> without offering solutions.,B1,Общение,Oxford
crop,n.,krɒp,урожай,Farmers harvested a rich wheat <b>crop</b>.,B1,Сельское хозяйство,Oxford
crucial,adj.,ˈkruːʃl,"ключевой, решающий",Water is <b>crucial</b> for human survival.,B1,Описание,Oxford
cultural,adj.,ˈkʌltʃərəl,культурный,We enjoyed a rich <b>cultural</b> experience during travel.,B1,Культура,Oxford
currency,n.,ˈkʌrənsi,валюта,What is the local <b>currency</b> used in Japan?,B1,Экономика,Oxford
current,adj.,ˈkʌrənt,"текущий, современный",What is your <b>current</b> residential address?,B1,Описание,Oxford
currently,adv.,ˈkʌrəntli,в настоящее время,The product is <b>currently</b> out of stock.,B1,Время,Oxford
curve,n.,kɜːv,"кривая, изгиб",The road takes a sharp <b>curve</b> to the left.,B1,Навигация,Oxford
custom,n.,ˈkʌstəm,"обычай, традиция",It is a local <b>custom</b> to exchange small gifts.,B1,Культура,Oxford
backwards,adv.,ˈbækwədz,"назад, в обратном направлении",She took two steps <b>backwards</b> to see the picture.,B1,Навигация,Oxford
bacteria,n.,bækˈtɪəriə,бактерии,Wash your hands to remove harmful <b>bacteria</b>.,B1,Наука,Oxford
ban,v.,bæn,запрещать,The government decided to <b>ban</b> single-use plastics.,B1,Закон,Oxford
bargain,n.,ˈbɑːɡən,"выгодная покупка, сделка",This jacket was a real <b>bargain</b> at half price.,B1,Покупки,Oxford
barrier,n.,ˈbæriə(r),"барьер, преграда",Language can be a <b>barrier</b> to communication.,B1,Общество,Oxford
base,v.,beɪs,основывать,They <b>base</b> their decision on hard facts.,B1,Мышление,Oxford
based,adj.,beɪst,основанный,The film is <b>based</b> on a true story.,B1,Культура,Oxford
basement,n.,ˈbeɪsmənt,"подвал, цокольный этаж",They store old furniture in the <b>basement</b>.,B1,Дом,Oxford
basis,n.,ˈbeɪsɪs,"основа, базис",Trust is the <b>basis</b> of any good relationship.,B1,Отношения,Oxford
bear,v.,beə(r),"выносить, терпеть",I cannot <b>bear</b> the sound of drilling.,B1,Эмоции,Oxford
beat,v.,biːt,"победить, обыграть",Our team managed to <b>beat</b> the champion.,B1,Спорт,Oxford
beg,v.,beɡ,"умолять, просить",He had to <b>beg</b> for extra time to complete the work.,B1,Общение,Oxford
bend,v.,bend,сгибать(ся),<b>Bend</b> your knees when lifting heavy objects.,B1,Здоровье,Oxford
beneath,prep.,bɪˈniːθ,"под, ниже",The treasure was buried <b>beneath</b> the sand.,B1,Место,Oxford
bent,adj.,bent,изогнутый,He used a <b>bent</b> metal wire to unlock the door.,B1,Предметы,Oxford
beside,prep.,bɪˈsaɪd,рядом с,Sit down <b>beside</b> me on the bench.,B1,Место,Oxford
besides,prep.,bɪˈsaɪdz,"кроме того, помимо","<b>Besides</b> working here, she studies law.",B1,Грамматика,Oxford
bet,v.,bet,"держать пари, ставить",I <b>bet</b> you cannot solve this puzzle.,B1,Развлечения,Oxford
beyond,prep.,bɪˈjɒnd,"за пределами, дальше",The village lies <b>beyond</b> those green hills.,B1,География,Oxford
blanket,n.,ˈblæŋkɪt,одеяло,Wrap yourself in a warm <b>blanket</b>.,B1,Дом,Oxford
block,v.,blɒk,"блокировать, преграждать",A fallen tree <b>blocked</b> the main road.,B1,Транспорт,Oxford
boast,v.,bəʊst,хвастаться,He likes to <b>boast</b> about his high salary.,B1,Характер,Oxford
bold,adj.,bəʊld,смелый,Painting the wall red was a <b>bold</b> choice.,B1,Описание,Oxford
bond,n.,bɒnd,"связь, узы",They shared a strong emotional <b>bond</b>.,B1,Отношения,Oxford
bound,adj.,baʊnd,обязанный,We are <b>bound</b> to follow the safety rules.,B1,Закон,Oxford
brand,n.,brænd,"бренд, торговая марка",They launched a new sportswear <b>brand</b>.,B1,Бизнес,Oxford
breath,n.,breθ,дыхание,Take a deep <b>breath</b> and relax.,B1,Здоровье,Oxford
brick,n.,brɪk,кирпич,The house was built of red <b>brick</b>.,B1,Строительство,Oxford
brief,adj.,briːf,краткий,The director gave a <b>brief</b> statement.,B1,Общение,Oxford
briefly,adv.,ˈbriːfli,вкратце,He explained the main idea <b>briefly</b>.,B1,Общение,Oxford
broadcast,v.,ˈbrɔːdkɑːst,"транслировать, вещать",The channel will <b>broadcast</b> the game live.,B1,Медиа,Oxford
budget,n.,ˈbʌdʒɪt,бюджет,We must stick to our monthly <b>budget</b>.,B1,Деньги,Oxford
bullet,n.,ˈbʊlɪt,пуля,The <b>bullet</b> struck the target accurately.,B1,Безопасность,Oxford
bury,v.,ˈberi,"хоронить, закопать",Dogs like to <b>bury</b> bones in the garden.,B1,Природа,Oxford
bush,n.,bʊʃ,куст,A small bird hid behind the green <b>bush</b>.,B1,Природа,Oxford
absolute,adj.,ˈæbsəluːt,абсолютный,She showed <b>absolute</b> confidence during the interview.,B1,Описание,Oxford
absolutely,adv.,ˈæbsəluːtli,абсолютно,I <b>absolutely</b> agree with your point of view.,B1,Общение,Oxford
academic,adj.,ˌækəˈdemɪk,академический,The school offers high <b>academic</b> standards.,B1,Обучение,Oxford
acceptable,adj.,əkˈseptəbl,приемлемый,His explanation was fully <b>acceptable</b> to the board.,B1,Описание,Oxford
access,n.,ˈækses,доступ,Students have free <b>access</b> to the digital library.,B1,Технологии,Oxford
accommodation,n.,əˌkɒməˈdeɪʃn,"жилье, размещение",We booked modern hotel <b>accommodation</b> in advance.,B1,Путешествия,Oxford
accompany,v.,əˈkʌmpəni,сопровождать,He offered to <b>accompany</b> her to the concert.,B1,Общение,Oxford
account,n.,əˈkaʊnt,"счет, аккаунт",She opened a new savings <b>account</b> at the bank.,B1,Бизнес,Oxford
accurate,adj.,ˈækjərət,точный,Ensure the data in your report is <b>accurate</b>.,B1,Информация,Oxford
accuse,v.,əˈkjuːz,обвинять,It is wrong to <b>accuse</b> someone without proof.,B1,Закон,Oxford
achievement,n.,əˈtʃiːvmənt,достижение,Winning the award was a remarkable <b>achievement</b>.,B1,Успех,Oxford
acknowledge,v.,əkˈnɒlɪdʒ,признавать,He failed to <b>acknowledge</b> his mistake publicly.,B1,Общение,Oxford
acquire,v.,əˈkwaɪə(r),приобретать,They plan to <b>acquire</b> new skills through training.,B1,Обучение,Oxford
addition,n.,əˈdɪʃn,дополнение,The new wing is a great <b>addition</b> to the hospital.,B1,Общее,Oxford
additional,adj.,əˈdɪʃənl,дополнительный,We need <b>additional</b> information before deciding.,B1,Информация,Oxford
adopt,v.,əˈdɒpt,принимать,They decided to <b>adopt</b> a new marketing strategy.,B1,Бизнес,Oxford
advance,n.,ədˈvɑːns,"продвижение, прогресс",Technological <b>advance</b> has changed communication.,B1,Технологии,Oxford
advise,v.,ədˈvaɪz,советовать,I strongly <b>advise</b> you to consult a lawyer.,B1,Общение,Oxford
afford,v.,əˈfɔːd,позволить себе (финансово),We cannot <b>afford</b> a long holiday this summer.,B1,Деньги,Oxford
agency,n.,ˈeɪdʒənsi,агентство,She works for a reputable travel <b>agency</b>.,B1,Бизнес,Oxford
agenda,n.,əˈdʒendə,повестка дня,What is the first item on today's <b>agenda</b>?,B1,Бизнес,Oxford
aggressive,adj.,əˈɡresɪv,агрессивный,The dog showed <b>aggressive</b> behaviour toward strangers.,B1,Характер,Oxford
aid,n.,eɪd,помощь,International <b>aid</b> arrived at the disaster zone.,B1,Общество,Oxford
aim,v.,eɪm,"целиться, стремиться",We <b>aim</b> to finish the project by Friday.,B1,Мышление,Oxford
aircraft,n.,ˈeəkrɑːft,воздушное судно,The military <b>aircraft</b> landed safely at night.,B1,Транспорт,Oxford
alter,v.,ˈɔːltə(r),изменять,We had to <b>alter</b> our plans due to rain.,B1,Действия,Oxford
altogether,adv.,ˌɔːltəˈɡeðə(r),"в целом, полностью",The situation has changed <b>altogether</b> now.,B1,Описание,Oxford
amazed,adj.,əˈmeɪzd,"пораженный, изумленный",We were <b>amazed</b> by the beauty of the mountains.,B1,Эмоции,Oxford
ambition,n.,æmˈbɪʃn,"амбиция, стремление",Her top <b>ambition</b> is to become a surgeon.,B1,Характер,Oxford
ambitious,adj.,æmˈbɪʃəs,амбициозный,He set <b>ambitious</b> targets for his company.,B1,Характер,Oxford
analyse,v.,ˈænəlaɪz,анализировать,Scientists must <b>analyse</b> the sample in the lab.,B1,Наука,Oxford
analysis,n.,əˈnæləsɪs,анализ,Their detailed <b>analysis</b> revealed new insights.,B1,Наука,Oxford
anger,n.,ˈæŋɡə(r),гнев,He struggled to control his rising <b>anger</b>.,B1,Эмоции,Oxford
annual,adj.,ˈænjuəl,ежегодный,Our company holds an <b>annual</b> conference in May.,B1,Бизнес,Oxford
apparent,adj.,əˈpærənt,очевидный,It became <b>apparent</b> that something was wrong.,B1,Описание,Oxford
apparently,adv.,əˈpærəntli,по-видимому,"<b>Apparently</b>, the flight has been cancelled.",B1,Информация,Oxford
appeal,n.,əˈpiːl,привлекательность,The film has a wide <b>appeal</b> for all ages.,B1,Культура,Oxford
application,n.,ˌæplɪˈkeɪʃn,заявление,Fill in the online job <b>application</b> form.,B1,Работа,Oxford
appreciate,v.,əˈpriːʃieɪt,ценить,I really <b>appreciate</b> your help with this project.,B1,Общение,Oxford
approach,n.,əˈprəʊtʃ,подход,We need a fresh <b>approach</b> to solve this issue.,B1,Мышление,Oxford
appropriate,adj.,əˈprəʊpriət,соответствующий,Wear <b>appropriate</b> clothes for a formal dinner.,B1,Описание,Oxford
approval,n.,əˈpruːvl,одобрение,The board gave final <b>approval</b> to the plan.,B1,Бизнес,Oxford
approve,v.,əˈpruːv,одобрять,My manager needs to <b>approve</b> this expense.,B1,Бизнес,Oxford
approximately,adv.,əˈprɒksɪmətli,приблизительно,The journey takes <b>approximately</b> three hours.,B1,Время,Oxford
architecture,n.,ˈɑːkɪtektʃə(r),архитектура,Rome is famous for its stunning <b>architecture</b>.,B1,Искусство,Oxford
arise,v.,əˈraɪz,возникать,Unexpected issues may <b>arise</b> during construction.,B1,Общее,Oxford
armed,adj.,ɑːmd,вооруженный,Two <b>armed</b> guards stood outside the vault.,B1,Безопасность,Oxford
arms,n.,ɑːmz,оружие,The nation called for a reduction in <b>arms</b>.,B1,Политика,Oxford
arrangement,n.,əˈreɪndʒmənt,договоренность,They made an <b>arrangement</b> to split the bill.,B1,Бизнес,Oxford
artistic,adj.,ɑːˈtɪstɪk,художественный,She possesses exceptional <b>artistic</b> skills.,B1,Искусство,Oxford
ashamed,adj.,əˈʃeɪmd,стыдящийся,He felt <b>ashamed</b> of his rude behaviour.,B1,Эмоции,Oxford
aspect,n.,ˈæspekt,аспект,Consider every <b>aspect</b> of the problem carefully.,B1,Мышление,Oxford
assess,v.,əˈses,оценивать,Teachers <b>assess</b> student performance regularly.,B1,Обучение,Oxford
assessment,n.,əˈsesmənt,оценка,The final <b>assessment</b> includes a written exam.,B1,Обучение,Oxford
assignment,n.,əˈsaɪnmənt,задание,Submit your homework <b>assignment</b> by Monday.,B1,Обучение,Oxford
assist,v.,əˈsɪst,"содействовать, помогать",The team is ready to <b>assist</b> customers.,B1,Сервис,Oxford
associate,v.,əˈsəʊʃieɪt,ассоциировать,People <b>associate</b> summer with warm weather.,B1,Мышление,Oxford
association,n.,əˌsəʊʃiˈeɪʃn,ассоциация,He joined the international medical <b>association</b>.,B1,Общество,Oxford
assume,v.,əˈsjuːm,предполагать,Don't <b>assume</b> that everyone agrees with you.,B1,Мышление,Oxford
atmosphere,n.,ˈætməsfɪə(r),атмосфера,The restaurant has a cosy and relaxed <b>atmosphere</b>.,B1,Описание,Oxford
attack,n.,əˈtæk,"атака, нападение",The cybersecurity team stopped a network <b>attack</b>.,B1,Безопасность,Oxford
attempt,n.,əˈtempt,попытка,This was his first <b>attempt</b> at writing a novel.,B1,Успех,Oxford
attract,v.,əˈtrækt,привлекать,The exhibition will <b>attract</b> thousands of visitors.,B1,Туризм,Oxford
attraction,n.,əˈtrækʃn,достопримечательность,The museum is a major tourist <b>attraction</b>.,B1,Туризм,Oxford
aware,adj.,əˈweə(r),"осведомленный, знающий",Are you <b>aware</b> of the new company rules?,B1,Информация,Oxford
sentence,n.,ˈsentəns,приговор,The judge pronounced a strict <b>sentence</b>.,B1,Закон,Oxford
statement,n.,ˈsteɪtmənt,выписка (из банка),The bank issues a monthly <b>statement</b>.,B1,Бизнес,Oxford
bill,n.,bɪl,законопроект,Parliament passed a new environmental <b>bill</b>.,B1,Политика,Oxford
yield,v.,jiːld,"давать (результат), приносить",Solar panels <b>yield</b> high energy savings.,B2,Экология,Oxford
widespread,adj.,ˈwaɪdspred,широко распространенный,The policy change caused <b>widespread</b> debate.,B2,Общество,Oxford
withdraw,v.,wɪðˈdrɔː,снимать (деньги),You can <b>withdraw</b> cash from any ATM.,B2,Деньги,Oxford
withdrawal,n.,wɪðˈdrɔːəl,снятие (денег),She requested a cash <b>withdrawal</b> at the bank counter.,B2,Деньги,Oxford
workforce,n.,ˈwɜːkfɔːs,"рабочая сила, коллектив",The factory employs a skilled local <b>workforce</b>.,B2,Экономика,Oxford
worldwide,adj.,ˌwɜːldˈwaɪd,"всемирный, глобальный",The brand enjoys a <b>worldwide</b> reputation for quality.,B2,Маркетинг,Oxford
valid,adj.,ˈvælɪd,действительный,Make sure your passport is <b>valid</b> for travel.,B2,Путешествия,Oxford
variable,adj.,ˈveəriəbl,"переменный, изменчивый",Weather conditions in spring are highly <b>variable</b>.,B2,Природа,Oxford
variation,n.,ˌveəriˈeɪʃn,"вариация, отклонение",There is a slight <b>variation</b> in product size.,B2,Качество,Oxford
via,prep.,ˈvaɪə,"через, с помощью",They flew to New York <b>via</b> Frankfurt.,B2,Путешествия,Oxford
violate,v.,ˈvaɪəleɪt,нарушать,Firms that <b>violate</b> safety laws face heavy fines.,B2,Закон,Oxford
violation,n.,ˌvaɪəˈleɪʃn,нарушение,Parking in a bus lane is a traffic <b>violation</b>.,B2,Закон,Oxford
visible,adj.,ˈvɪzəbl,"видимый, заметный",Stars are <b>visible</b> in the night sky.,B2,Природа,Oxford
visual,adj.,ˈvɪʒuəl,визуальный,Infographics provide <b>visual</b> support for data.,B2,Информация,Oxford
voluntary,adj.,ˈvɒləntəri,добровольный,Participation in the weekend cleanup is <b>voluntary</b>.,B2,Общество,Oxford
underlie,v.,ˌʌndəˈlaɪ,лежать в основе,Economic factors <b>underlie</b> many social problems.,B2,Экономика,Oxford
underlying,adj.,ˌʌndəˈlaɪɪŋ,"лежащий в основе, скрытый",Identify the <b>underlying</b> cause of the malfunction.,B2,Анализ,Oxford
undertake,v.,ˌʌndəˈteɪk,"предпринимать, браться за",Scientists plan to <b>undertake</b> a new research project.,B2,Наука,Oxford
uniform,adj.,ˈjuːnɪfɔːm,"единообразный, одинаковый",The buildings share a <b>uniform</b> architectural style.,B2,Архитектура,Oxford
universe,n.,ˈjuːnɪvɜːs,вселенная,Astronomers study the origins of the <b>universe</b>.,B2,Наука,Oxford
urge,v.,ɜːdʒ,"побуждать, призывать",Experts <b>urge</b> drivers to slow down in fog.,B2,Безопасность,Oxford
utility,n.,juːˈtɪləti,коммунальные услуги,Monthly <b>utility</b> bills increased this winter.,B2,Быт,Oxford
utilize,v.,ˈjuːtəlaɪz,"использовать, задействовать",Factories <b>utilize</b> advanced automation systems.,B2,Технологии,Oxford
technical,adj.,ˈteknɪkl,технический,The failure was caused by a minor <b>technical</b> glitch.,B2,Технологии,Oxford
tendency,n.,ˈtendənsi,"тенденция, склонность",There is a growing <b>tendency</b> to work from home.,B2,Общество,Oxford
theme,n.,θiːm,"тема, мотив",The conference explored the <b>theme</b> of innovation.,B2,Общение,Oxford
theory,n.,ˈθɪəri,теория,Einstein proposed the famous <b>theory</b> of relativity.,B2,Наука,Oxford
therefore,adv.,ˈðeəfɔː(r),"поэтому, следовательно","It was raining; <b>therefore</b>, we stayed indoors.",B2,Грамматика,Oxford
thorough,adj.,ˈθʌrə,"тщательный, детальный",Detectives conducted a <b>thorough</b> search of the house.,B2,Закон,Oxford
thoroughly,adv.,ˈθʌrəli,"тщательно, основательно",Please review the document <b>thoroughly</b> before submission.,B2,Работа,Oxford
thus,adv.,ðʌs,таким образом,"Sales grew, <b>thus</b> increasing quarterly profits.",B2,Грамматика,Oxford
tolerance,n.,ˈtɒlərəns,"толерантность, терпимость",Promoting cultural <b>tolerance</b> is vital for society.,B2,Общество,Oxford
track,v.,træk,"отслеживать, следить",GPS devices help <b>track</b> delivery vehicles.,B2,Транспорт,Oxford
transformation,n.,ˌtrænsfəˈmeɪʃn,преобразование,The city underwent a massive economic <b>transformation</b>.,B2,Общество,Oxford
transition,n.,trænˈzɪʃn,переход,The <b>transition</b> to renewable energy takes time.,B2,Экология,Oxford
translate,v.,trænzˈleɪt,переводить (с языка),Software can <b>translate</b> text instantly.,B2,Языки,Oxford
translation,n.,trænzˈleɪʃn,перевод,The book received praise for its accurate <b>translation</b>.,B2,Языки,Oxford
transparent,adj.,trænsˈpærənt,"прозрачный, открытый",Financial institutions must maintain <b>transparent</b> records.,B2,Бизнес,Oxford
transport,v.,trænˈspɔːt,"транспортировать, перевозить",Cargo ships <b>transport</b> goods across oceans.,B2,Транспорт,Oxford
trigger,v.,ˈtrɪɡə(r),"вызывать, запускать (триггерить)",Stress can <b>trigger</b> chronic health issues.,B2,Здоровье,Oxford
scenario,n.,səˈnɑːriəʊ,"сценарий, расклад",We prepared for every possible worst-case <b>scenario</b>.,B2,Анализ,Oxford
scope,n.,skəʊp,"масштаб, объем",The full <b>scope</b> of the project was revised.,B2,Бизнес,Oxford
secure,adj.,sɪˈkjʊə(r),"безопасный, надежный",Keep your passwords in a <b>secure</b> location.,B2,Технологии,Oxford
selection,n.,sɪˈlekʃn,"выбор, подборка",The store offers a great <b>selection</b> of shoes.,B2,Покупки,Oxford
senior,adj.,ˈsiːniə(r),"старший, руководящий",She is a <b>senior</b> executive at the technology firm.,B2,Работа,Oxford
sensation,n.,senˈseɪʃn,ощущение,A burning <b>sensation</b> was felt on the skin.,B2,Здоровье,Oxford
sequence,n.,ˈsiːkwəns,последовательность,Follow the exact numerical <b>sequence</b> listed.,B2,Наука,Oxford
series,n.,ˈsɪəriːz,"серия, ряд",The network aired a new documentary <b>series</b>.,B2,Медиа,Oxford
severely,adv.,sɪˈvɪəli,"сильно, сурово",Traffic was <b>severely</b> disrupted by heavy snow.,B2,Транспорт,Oxford
shift,v.,ʃɪft,"сдвигать, менять",Public sentiment began to <b>shift</b> toward reform.,B2,Общество,Oxford
shortage,n.,ˈʃɔːtɪdʒ,"нехватка, дефицит",The region faces a critical water <b>shortage</b>.,B2,Экология,Oxford
shortly,adv.,ˈʃɔːtli,"вскорости, вскоре",The train will arrive at the platform <b>shortly</b>.,B2,Время,Oxford
significantly,adv.,sɪɡˈnɪfɪkəntli,значительно,Sales improved <b>significantly</b> after rebranding.,B2,Бизнес,Oxford
similarity,n.,ˌsɪməˈlærəti,сходство,There is a striking <b>similarity</b> between the brothers.,B2,Описание,Oxford
simplify,v.,ˈsɪmplɪfaɪ,упрощать,We need to <b>simplify</b> the online checkout process.,B2,Бизнес,Oxford
skilled,adj.,skɪld,"квалифицированный, умелый",The factory needs highly <b>skilled</b> technicians.,B2,Работа,Oxford
slightly,adv.,ˈslaɪtli,"слегка, немного",Prices are <b>slightly</b> higher than last season.,B2,Описание,Oxford
sole,adj.,səʊl,единственный,He is the <b>sole</b> survivor of the plane crash.,B2,Описание,Oxford
solely,adv.,ˈsəʊlli,"исключительно, только",The decision was based <b>solely</b> on merit.,B2,Описание,Oxford
solid,adj.,ˈsɒlɪd,"надёжный, прочный",The team built a <b>solid</b> foundation for growth.,B2,Описание,Oxford
sophisticated,adj.,səˈfɪstɪkeɪtɪd,"сложный, современный",The lab uses <b>sophisticated</b> medical equipment.,B2,Технологии,Oxford
specifically,adv.,spəˈsɪfɪkli,"конкретно, специально",This course was <b>specifically</b> designed for beginners.,B2,Образование,Oxford
specify,v.,ˈspesɪfaɪ,"указывать, уточнять",The contract must <b>specify</b> exact payment terms.,B2,Бизнес,Oxford
sponsor,v.,ˈspɒnsə(r),спонсировать,Local businesses chose to <b>sponsor</b> the youth team.,B2,Бизнес,Oxford
stability,n.,stəˈbɪləti,стабильность,Political <b>stability</b> attracts foreign investment.,B2,Политика,Oxford
statistic,n.,stəˈtɪstɪk,"статистика, показатель",Accident <b>statistic</b>s show a downward trend.,B2,Анализ,Oxford
status,n.,ˈsteɪtəs,"статус, положение",Check the current shipping <b>status</b> online.,B2,Сервис,Oxford
steady,adj.,ˈstedi,"постоянный, устойчивый",The company enjoys <b>steady</b> sales growth.,B2,Экономика,Oxford
subsequent,adj.,ˈsʌbsɪkwənt,последующий,The initial mistake complicated all <b>subsequent</b> steps.,B2,Время,Oxford
subsequently,adv.,ˈsʌbsɪkwəntli,"впоследствии, позже",He was injured and <b>subsequently</b> taken to hospital.,B2,Время,Oxford
substance,n.,ˈsʌbstəns,вещество,Toxic <b>substance</b>s must be handled with extreme care.,B2,Наука,Oxford
substantial,adj.,səbˈstænʃl,"существенный, значительный",The project required a <b>substantial</b> financial investment.,B2,Деньги,Oxford
substantially,adv.,səbˈstænʃəli,существенно,Energy costs dropped <b>substantially</b> this year.,B2,Экономика,Oxford
substitute,n.,ˈsʌbstɪtjuːt,"заменитель, суррогат",Honey can serve as a natural <b>substitute</b> for sugar.,B2,Еда,Oxford
successfully,adv.,səkˈsesfəli,успешно,Engineers <b>successfully</b> repaired the bridge.,B2,Технологии,Oxford
sufficient,adj.,səˈfɪʃnt,достаточный,Ensure you get <b>sufficient</b> sleep before driving.,B2,Здоровье,Oxford
sufficiently,adv.,səˈfɪʃntli,достаточно,The room was not <b>sufficiently</b> ventilated.,B2,Описание,Oxford
sum,n.,sʌm,сумма,A substantial <b>sum</b> of money was donated.,B2,Деньги,Oxford
summarize,v.,ˈsʌməraɪz,"суммировать, резюмировать",Please <b>summarize</b> key report findings in one paragraph.,B2,Информация,Oxford
supply,v.,səˈplaɪ,"поставлять, снабжать",Solar panels <b>supply</b> power to the grid.,B2,Технологии,Oxford
surge,n.,sɜːdʒ,"всплеск, резкий рост",There was a sudden <b>surge</b> in online traffic.,B2,Технологии,Oxford
surpass,v.,səˈpɑːs,превосходить,Sales figures expected to <b>surpass</b> all targets.,B2,Бизнес,Oxford
surrounding,adj.,səˈraʊndɪŋ,окружающий,Explore the beauty of the <b>surrounding</b> countryside.,B2,Природа,Oxford
survival,n.,səˈvaɪvl,выживание,Water is crucial for human <b>survival</b>.,B2,Здоровье,Oxford
suspend,v.,səˈspend,приостанавливать,Officials decided to <b>suspend</b> flights due to fog.,B2,Транспорт,Oxford
sustain,v.,səˈsteɪn,"поддерживать, подпитывать",The island ecosystem cannot <b>sustain</b> heavy tourism.,B2,Экология,Oxford
sustainable,adj.,səˈsteɪnəbl,"устойчивый, экологичный",Solar energy is a <b>sustainable</b> resource.,B2,Экология,Oxford
symptom,n.,ˈsɪmptəm,симптом,A high fever is a common <b>symptom</b> of flu.,B2,Здоровье,Oxford
range,n.,reɪndʒ,"диапазон, ассортимент",The shop offers a wide <b>range</b> of products.,B2,Покупки,Oxford
rapid,adj.,ˈræpɪd,"быстрый, стремительный",The region experienced <b>rapid</b> economic growth.,B2,Экономика,Oxford
rapidly,adv.,ˈræpɪdli,быстро,Technology is advancing <b>rapidly</b> every year.,B2,Технологии,Oxford
rare,adj.,reə(r),редкий,It is extremely <b>rare</b> to see snow in this area.,B2,Природа,Oxford
rate,n.,reɪt,ставка,Interest <b>rate</b>s remained stable over the summer.,B2,Деньги,Oxford
rational,adj.,ˈræʃnəl,"рациональный, разумный",Try to make a calm and <b>rational</b> decision.,B2,Мышление,Oxford
raw,adj.,rɔː,"сырой, необработанный",Factories import <b>raw</b> materials for production.,B2,Промышленность,Oxford
reasonable,adj.,ˈriːznəbl,"разумный, приемлемый",The prices at this restaurant are very <b>reasonable</b>.,B2,Деньги,Oxford
recall,v.,rɪˈkɔːl,вспоминать,I cannot clearly <b>recall</b> where I put my keys.,B2,Память,Oxford
recognition,n.,ˌrekəɡˈnɪʃn,признание,He won an award in <b>recognition</b> of his hard work.,B2,Успех,Oxford
recommendation,n.,ˌrekəmenˈdeɪʃn,рекомендация,Follow the doctor's health <b>recommendation</b>s.,B2,Здоровье,Oxford
recovery,n.,rɪˈkʌvəri,восстановление,The patient made a full <b>recovery</b> after rest.,B2,Здоровье,Oxford
relate,v.,rɪˈleɪt,"связывать, относиться",These findings <b>relate</b> directly to our study.,B2,Наука,Oxford
relation,n.,rɪˈleɪʃn,"отношение, связь",International <b>relation</b>s improved after the summit.,B2,Политика,Oxford
relative,adj.,ˈrelətɪv,относительный,We weighed the <b>relative</b> advantages of both plans.,B2,Описание,Oxford
relatively,adv.,ˈrelətɪvli,относительно,The exam was <b>relatively</b> easy compared to last year's.,B2,Описание,Oxford
release,v.,rɪˈliːs,выпускать,The studio will <b>release</b> the movie soundtrack today.,B2,Медиа,Oxford
remarkable,adj.,rɪˈmɑːkəbl,"замечательный, удивительный",She made a <b>remarkable</b> comeback in the race.,B2,Спорт,Oxford
report,v.,rɪˈpɔːt,"сообщать, докладывать",Witnesses should <b>report</b> suspicious activity to police.,B2,Закон,Oxford
representative,n.,ˌreprɪˈzentətɪv,представитель,A customer service <b>representative</b> answered the call.,B2,Сервис,Oxford
researcher,n.,rɪˈsɜːtʃə(r),исследователь,The <b>researcher</b> published a breakthrough paper.,B2,Наука,Oxford
resolution,n.,ˌrezəˈluːʃn,разрешение (конфликта),The conflict reached a peaceful <b>resolution</b>.,B2,Политика,Oxford
resolve,v.,rɪˈzɒlv,"решать, урегулировать",Mediators helped <b>resolve</b> the contractual dispute.,B2,Закон,Oxford
responsibility,n.,rɪˌspɒnsəˈbɪləti,ответственность,Taking care of pets is a big <b>responsibility</b>.,B2,Общество,Oxford
restore,v.,rɪˈstɔː(r),восстанавливать,Engineers worked overnight to <b>restore</b> power.,B2,Технологии,Oxford
restrict,v.,rɪˈstrɪkt,ограничивать,New regulations <b>restrict</b> heavy traffic downtown.,B2,Закон,Oxford
restriction,n.,rɪˈstrɪkʃn,ограничение,Travel <b>restriction</b>s were lifted last month.,B2,Путешествия,Oxford
retain,v.,rɪˈteɪn,"сохранять, удерживать",The firm strives to <b>retain</b> top talent.,B2,Бизнес,Oxford
revenue,n.,ˈrevənjuː,"доход, выручка",Annual corporate <b>revenue</b> grew by ten percent.,B2,Экономика,Oxford
revolution,n.,ˌrevəˈluːʃn,революция,The industrial <b>revolution</b> changed manufacturing.,B2,История,Oxford
rumour,n.,ˈruːmə(r),"слух, сплетня",Don't believe every <b>rumour</b> you hear online.,B2,Медиа,Oxford
qualified,adj.,ˈkwɒlɪfaɪd,квалифицированный,She is fully <b>qualified</b> to teach chemistry.,B2,Работа,Oxford
pace,n.,peɪs,"темп, скорость",The team worked at a rapid <b>pace</b> to hit the deadline.,B2,Описание,Oxford
participate,v.,pɑːˈtɪsɪpeɪt,участвовать,All students are encouraged to <b>participate</b> in the discussion.,B2,Образование,Oxford
participation,n.,pɑːˌtɪsɪˈpeɪʃn,участие,Community <b>participation</b> was vital for the project's success.,B2,Общество,Oxford
particularly,adv.,pəˈtɪkjələli,"в особенности, особенно",The exam was <b>particularly</b> difficult this year.,B2,Описание,Oxford
passion,n.,ˈpæʃn,"страсть, увлечение",Music has been her lifelong <b>passion</b>.,B2,Эмоции,Oxford
passionate,adj.,ˈpæʃənət,"страстный, увлеченный",She is <b>passionate</b> about environmental protection.,B2,Характер,Oxford
patience,n.,ˈpeɪʃns,терпение,Learning an instrument requires a lot of <b>patience</b>.,B2,Психология,Oxford
perceive,v.,pəˈsiːv,воспринимать,How people <b>perceive</b> risks depends on context.,B2,Психология,Oxford
perception,n.,pəˈsepʃn,восприятие,Public <b>perception</b> of the policy shifted quickly.,B2,Общество,Oxford
permanently,adv.,ˈpɜːmənəntli,"навсегда, постоянно",The museum closed its old wing <b>permanently</b>.,B2,Время,Oxford
permit,v.,pəˈmɪt,"разрешать, позволять",Weather conditions did not <b>permit</b> outdoor events.,B2,Правила,Oxford
perspective,n.,pəˈspektɪv,"перспектива, взгляд",Travel gives you a broader <b>perspective</b> on life.,B2,Мышление,Oxford
phenomenon,n.,fəˈnɒmɪnən,"феномен, явление",Northern lights are a natural <b>phenomenon</b>.,B2,Природа,Oxford
possess,v.,pəˈzes,"обладать, владеть",Applicants must <b>possess</b> strong leadership skills.,B2,Работа,Oxford
potentially,adv.,pəˈtenʃəli,потенциально,This chemical leak is <b>potentially</b> dangerous.,B2,Безопасность,Oxford
prediction,n.,prɪˈdɪkʃn,"прогноз, предсказание",Weather <b>prediction</b>s are not always accurate.,B2,Природа,Oxford
preferable,adj.,ˈprefrəbl,предпочтительный,A peaceful resolution is always <b>preferable</b>.,B2,Описание,Oxford
preference,n.,ˈprefrəns,предпочтение,Customers expressed a clear <b>preference</b> for organic food.,B2,Покупки,Oxford
presence,n.,ˈprezns,присутствие,Her calm <b>presence</b> helped reassure the team.,B2,Психология,Oxford
previously,adv.,ˈpriːviəsli,"ранее, прежде",The building was <b>previously</b> used as a warehouse.,B2,Время,Oxford
primarily,adv.,praɪˈmerəli,преимущественно,The course is <b>primarily</b> aimed at beginners.,B2,Образование,Oxford
probability,n.,ˌprɒbəˈbɪləti,вероятность,There is a high <b>probability</b> of rain tonight.,B2,Наука,Oxford
producer,n.,prəˈdjuːsə(r),продюсер,The film <b>producer</b> approved the final script.,B2,Медиа,Oxford
productive,adj.,prəˈdʌktɪv,продуктивный,We had a highly <b>productive</b> morning meeting.,B2,Работа,Oxford
productivity,n.,ˌprɒdʌkˈtɪvəti,производительность,Flexible hours can boost overall worker <b>productivity</b>.,B2,Бизнес,Oxford
promotion,n.,prəˈməʊʃn,повышение (по службе),He earned a well-deserved <b>promotion</b> at work.,B2,Работа,Oxford
proportion,n.,prəˈpɔːʃn,"пропорция, доля",A large <b>proportion</b> of income goes toward rent.,B2,Экономика,Oxford
propose,v.,prəˈpəʊz,предлагать,I <b>propose</b> we schedule a follow-up call tomorrow.,B2,Общение,Oxford
prospect,n.,ˈprɒspekt,"перспектива, шанс",The <b>prospect</b> of moving abroad excites her.,B2,Будущее,Oxford
protection,n.,prəˈtekʃn,защита,Sunscreen provides necessary skin <b>protection</b>.,B2,Здоровье,Oxford
protest,n.,ˈprəʊtest,протест,Citizens organized a peaceful street <b>protest</b>.,B2,Общество,Oxford
publication,n.,ˌpʌblɪˈkeɪʃn,"публикация, издание",The scientific journal approved her paper for <b>publication</b>.,B2,Наука,Oxford
pursue,v.,pəˈsjuː,"стремиться к, добиваться",She moved to London to <b>pursue</b> her acting career.,B2,Успех,Oxford
occupy,v.,ˈɒkjupaɪ,занимать (место/пространство),Work tends to <b>occupy</b> most of his free time.,B2,Время,Oxford
offence,n.,əˈfens,правонарушение,Speeding in a school zone is a serious <b>offence</b>.,B2,Закон,Oxford
operation,n.,ˌɒpəˈreɪʃn,"операция, деятельность",Rescue teams carried out a complex <b>operation</b>.,B2,Безопасность,Oxford
opposition,n.,ˌɒpəˈzɪʃn,"оппозиция, сопротивление",The proposal faced fierce political <b>opposition</b>.,B2,Политика,Oxford
ownership,n.,ˈəʊnəʃɪp,"право собственности, владение",Private car <b>ownership</b> has increased nationwide.,B2,Экономика,Oxford
negotiation,n.,nɪˌɡəʊʃiˈeɪʃn,переговоры,Contract <b>negotiation</b>s continued late into the night.,B2,Бизнес,Oxford
noticeable,adj.,ˈnəʊtɪsəbl,"заметный, ощутимый",There was a <b>noticeable</b> improvement in her speech.,B2,Описание,Oxford
notion,n.,ˈnəʊʃn,"понятие, представление",He rejected the traditional <b>notion</b> of retirement.,B2,Мышление,Oxford
managed,adj.,ˈmænɪdʒd,"управляемый, регулируемый",The facility operates under a <b>managed</b> network system.,B2,Бизнес,Oxford
manufacturer,n.,ˌmænjuˈfæktʃərə(r),производитель,The car <b>manufacturer</b> unveiled a new electric model.,B2,Бизнес,Oxford
manufacturing,n.,ˌmænjuˈfæktʃərɪŋ,производство,Industrial <b>manufacturing</b> has declined recently.,B2,Экономика,Oxford
market,v.,ˈmɑːkɪt,продвигать на рынке,They spend millions to <b>market</b> their brand globally.,B2,Маркетинг,Oxford
mission,n.,ˈmɪʃn,"миссия, задание",The diplomatic <b>mission</b> lasted three weeks.,B2,Политика,Oxford
monitor,v.,ˈmɒnɪtə(r),"отслеживать, контролировать",Doctors closely <b>monitor</b> the patient's vitals.,B2,Здоровье,Oxford
moral,adj.,ˈmɒrəl,"моральный, нравственный",It is our <b>moral</b> obligation to help those in need.,B2,Общество,Oxford
motivation,n.,ˌməʊtɪˈveɪʃn,мотивация,Lack of sleep lowers your overall work <b>motivation</b>.,B2,Психология,Oxford
multiple,adj.,ˈmʌltɪpl,"множественные, неоднократные",The system supports <b>multiple</b> user accounts.,B2,Технологии,Oxford
largely,adv.,ˈlɑːdʒli,в значительной степени,The project was <b>largely</b> successful despite the delay.,B2,Описание,Oxford
launch,v.,lɔːntʃ,"запускать, начинать",The firm plans to <b>launch</b> a new product line next month.,B2,Бизнес,Oxford
limitation,n.,ˌlɪmɪˈteɪʃn,ограничение,Every technology has its own technical <b>limitation</b>s.,B2,Технологии,Oxford
loan,n.,ləʊn,"кредит, заем",They applied for a bank <b>loan</b> to buy a house.,B2,Деньги,Oxford
imply,v.,ɪmˈplaɪ,"подразумевать, намекать",His silence seemed to <b>imply</b> agreement.,B2,Общение,Oxford
incentive,n.,ɪnˈsentɪv,"стимул, поощрение",Bonuses provide a strong <b>incentive</b> for workers.,B2,Бизнес,Oxford
indirect,adj.,ˌɪndəˈrekt,косвенный,Tax increases have an <b>indirect</b> effect on prices.,B2,Экономика,Oxford
individual,adj.,ˌɪndɪˈvɪdʒuəl,индивидуальный,Each student receives <b>individual</b> support.,B2,Образование,Oxford
influence,v.,ˈɪnfluəns,влиять,Social media can strongly <b>influence</b> opinions.,B2,Общество,Oxford
initiative,n.,ɪˈnɪʃətɪv,инициатива,The council launched a green recycling <b>initiative</b>.,B2,Общество,Oxford
institute,n.,ˈɪnstɪtjuːt,"институт, учреждение",She works at a research <b>institute</b> in London.,B2,Образование,Oxford
integrate,v.,ˈɪntɪɡreɪt,"интегрировать, объединять",We need to <b>integrate</b> new systems seamlessly.,B2,Технологии,Oxford
intended,adj.,ɪnˈtendɪd,"предназначенный, целевой",The <b>intended</b> target audience is young adults.,B2,Маркетинг,Oxford
intense,adj.,ɪnˈtens,"интенсивный, сильный",Athletes underwent <b>intense</b> physical training.,B2,Спорт,Oxford
interaction,n.,ˌɪntərˈækʃn,взаимодействие,Social <b>interaction</b> is vital for health.,B2,Общество,Oxford
heading,n.,ˈhedɪŋ,заголовок,Write your name under the main <b>heading</b>.,B2,Информация,Oxford
gradually,adv.,ˈɡrædʒuəli,постепенно,The weather is <b>gradually</b> getting warmer.,B2,Природа,Oxford
grant,v.,ɡrɑːnt,"предоставлять, даровать",The council voted to <b>grant</b> permission for construction.,B2,Закон,Oxford
guidelines,n.,ˈɡaɪdlaɪnz,"руководящие принципы, правила",Follow the safety <b>guidelines</b> carefully.,B2,Правила,Oxford
federal,adj.,ˈfedərəl,федеральный,The state operates under <b>federal</b> laws.,B2,Политика,Oxford
flourish,v.,ˈflʌrɪʃ,процветать,Local businesses continue to <b>flourish</b>.,B2,Экономика,Oxford
fluctuate,v.,ˈflʌktʃueɪt,колебаться,Fuel prices <b>fluctuate</b> depending on supply.,B2,Экономика,Oxford
framework,n.,ˈfreɪmwɜːk,"структура, рамки",The law provides a legal <b>framework</b> for trade.,B2,Закон,Oxford
frequency,n.,ˈfriːkwənsi,частота,Buses run with high <b>frequency</b> during rush hour.,B2,Транспорт,Oxford
frequent,adj.,ˈfriːkwənt,частый,He makes <b>frequent</b> business trips abroad.,B2,Путешествия,Oxford
fulfil,v.,fʊlˈfɪl,"выполнять, осуществлять",She hopes to <b>fulfil</b> her dream of writing a book.,B2,Успех,Oxford
furthermore,adv.,ˌfɜːðəˈmɔː(r),"более того, кроме того","The plan is effective; <b>furthermore</b>, it saves costs.",B2,Грамматика,Oxford
edition,n.,ɪˈdɪʃn,"издание, выпуск",This is the third revised <b>edition</b> of the textbook.,B2,Медиа,Oxford
effectively,adv.,ɪˈfektɪvli,эффективно,Managers must learn to <b>effectively</b> delegate tasks.,B2,Бизнес,Oxford
efficiency,n.,ɪˈfɪʃnsi,"эффективность, производительность",New machinery significantly increased factory <b>efficiency</b>.,B2,Бизнес,Oxford
elect,v.,ɪˈlekt,избирать,Citizens will vote to <b>elect</b> a new mayor.,B2,Политика,Oxford
emphasis,n.,ˈemfəsɪs,"акцент, особое внимание",The school places strong <b>emphasis</b> on practical skills.,B2,Образование,Oxford
encouraging,adj.,ɪnˈkʌrɪdʒɪŋ,обнадеживающий,The quarterly sales figures are very <b>encouraging</b>.,B2,Бизнес,Oxford
enhance,v.,ɪnˈhɑːns,"улучшать, усиливать",Regular practice will <b>enhance</b> your language fluency.,B2,Обучение,Oxford
enthusiastic,adj.,ɪnˌθjuːziˈæstɪk,"восторженный, увлеченный",She is an <b>enthusiastic</b> supporter of local sports.,B2,Эмоции,Oxford
entire,adj.,ɪnˈtaɪə(r),"весь, целиком",The <b>entire</b> building was renovated last summer.,B2,Описание,Oxford
ethical,adj.,ˈeθɪkl,"этический, нравственный",The company follows strict <b>ethical</b> standards.,B2,Общество,Oxford
evaluation,n.,ɪˌvæljuˈeɪʃn,"оценка, анализ",A formal <b>evaluation</b> takes place every six months.,B2,Бизнес,Oxford
eventually,adv.,ɪˈventʃuəli,в конце концов,"After hours of delay, the train <b>eventually</b> arrived.",B2,Время,Oxford
exception,n.,ɪkˈsepʃn,исключение,"Everyone must pay, with no <b>exception</b> allowed.",B2,Описание,Oxford
excess,n.,ɪkˈses,"избыток, излишек",Clear away any <b>excess</b> material from the surface.,B2,Описание,Oxford
exclude,v.,ɪkˈskluːd,исключать,The price does not <b>exclude</b> local taxes.,B2,Деньги,Oxford
experience,v.,ɪksˈpɪəriəns,"испытывать, переживать",Patients may <b>experience</b> minor side effects.,B2,Здоровье,Oxford
exploit,v.,ɪkˈsplɔɪt,эксплуатировать,Companies must not <b>exploit</b> vulnerable workers.,B2,Общество,Oxford
explore,v.,ɪksˈplɔː(r),исследовать,Tourists love to <b>explore</b> the narrow old alleyways.,B2,Путешествия,Oxford
extend,v.,ɪksˈtend,продлевать,They decided to <b>extend</b> the discount offer.,B2,Бизнес,Oxford
extent,n.,ɪksˈtent,"степень, мера",We do not yet know the full <b>extent</b> of damage.,B2,Описание,Oxford
external,adj.,ɪksˈtɜːnl,внешний,The building has an <b>external</b> staircase for fires.,B2,Архитектура,Oxford
extraordinary,adj.,ɪkˈstrɔːdnri,"необычайный, выдающийся",She possesses an <b>extraordinary</b> talent for languages.,B2,Описание,Oxford
damage,n.,ˈdæmɪdʒ,"ущерб, повреждение",The storm caused severe <b>damage</b> to the roof.,B2,Природа,Oxford
definition,n.,ˌdefɪˈnɪʃn,определение,Look up the <b>definition</b> of the word in a dictionary.,B2,Образование,Oxford
depress,v.,dɪˈpres,"угнетать, вгонять в тоску",Bad weather can easily <b>depress</b> your mood.,B2,Эмоции,Oxford
desire,n.,dɪˈzaɪə(r),"желание, стремление",She expressed a strong <b>desire</b> to study abroad.,B2,Психология,Oxford
desperate,adj.,ˈdespərət,отчаянный,They made a <b>desperate</b> attempt to rescue the trapped dog.,B2,Эмоции,Oxford
determined,adj.,dɪˈtɜːmɪnd,"решительный, целеустремленный",He is <b>determined</b> to complete the marathon.,B2,Характер,Oxford
disadvantage,n.,ˌdɪsədˈvɑːntɪdʒ,недостаток,A major <b>disadvantage</b> of living here is high rent.,B2,Описание,Oxford
disaster,n.,dɪˈzɑːstə(r),"катастрофа, бедствие",The flood was a terrible natural <b>disaster</b>.,B2,События,Oxford
discipline,n.,ˈdɪsəplɪn,дисциплина,Athletes need immense <b>discipline</b> to train daily.,B2,Спорт,Oxford
dismiss,v.,dɪsˈmɪs,отклонять,The boss decided to <b>dismiss</b> the claim as groundless.,B2,Работа,Oxford
display,v.,dɪˈspleɪ,"показывать, выставлять",Museums <b>display</b> rare historical artifacts.,B2,Искусство,Oxford
distinct,adj.,dɪˈstɪŋkt,"различный, отдельный",There are three <b>distinct</b> categories of membership.,B2,Описание,Oxford
disturb,v.,dɪˈstɜːb,"беспокоить, мешать",Please do not <b>disturb</b> me while I am working.,B2,Общение,Oxford
dramatically,adv.,drəˈmætɪkli,"резко, существенно",Prices dropped <b>dramatically</b> after the holiday season.,B2,Экономика,Oxford
drought,n.,draʊt,засуха,The severe <b>drought</b> destroyed most of the crops.,B2,Экология,Oxford
due,adj.,djuː,подлежащий оплате (о сроке),Payment is <b>due</b> at the end of the month.,B2,Деньги,Oxford
campaign,n.,kæmˈpeɪn,"кампания, акция",They launched an online public awareness <b>campaign</b>.,B2,Маркетинг,Oxford
capable,adj.,ˈkeɪpəbl,способный,She is a highly <b>capable</b> project manager.,B2,Характер,Oxford
category,n.,ˈkætəɡəri,категория,Products are organized into distinct <b>category</b> types.,B2,Покупки,Oxford
cease,v.,siːs,прекращать,The factory will <b>cease</b> operations next month.,B2,Бизнес,Oxford
challenging,adj.,ˈtʃælɪndʒɪŋ,"сложный, требующий усилий",Solving this puzzle was a <b>challenging</b> task.,B2,Описание,Oxford
cite,v.,saɪt,"цитировать, ссылаться",Remember to <b>cite</b> reliable sources in your essay.,B2,Образование,Oxford
clarify,v.,ˈklærəfaɪ,"прояснять, уточнять",Please <b>clarify</b> your statement regarding the contract.,B2,Общение,Oxford
classify,v.,ˈklæsɪfaɪ,классифицировать,Biologists <b>classify</b> species according to traits.,B2,Наука,Oxford
coincidence,n.,kəʊˈɪnsɪdəns,совпадение,Meeting her in London was pure <b>coincidence</b>.,B2,События,Oxford
commerce,n.,ˈkɒmɜːs,"коммерция, торговля",Online shopping has transformed global <b>commerce</b>.,B2,Бизнес,Oxford
comparison,n.,kəmˈpærɪsn,сравнение,A detailed <b>comparison</b> revealed minor differences.,B2,Мышление,Oxford
compete,v.,kəmˈpiːt,соревноваться,Athletes gather to <b>compete</b> for gold medals.,B2,Спорт,Oxford
competitive,adj.,kəmˈpetətɪv,конкурентоспособный,The market remains highly <b>competitive</b>.,B2,Бизнес,Oxford
competitor,n.,kəmˈpetɪtə(r),конкурент,Our main <b>competitor</b> dropped their prices.,B2,Бизнес,Oxford
conscious,adj.,ˈkɒnʃəs,"сознательный, осознанный",He made a <b>conscious</b> effort to stay calm.,B2,Психология,Oxford
consequently,adv.,ˈkɒnsɪkwəntli,следовательно,"It rained heavily; <b>consequently</b>, the match was postponed.",B2,Грамматика,Oxford
considerably,adv.,kənˈsɪdərəbli,значительно,Sales increased <b>considerably</b> over last year.,B2,Экономика,Oxford
consistent,adj.,kənˈsɪstənt,"последовательный, постоянный",Her work shows a <b>consistent</b> level of quality.,B2,Качество,Oxford
consume,v.,kənˈsjuːm,потреблять,Vehicles <b>consume</b> fuel rapidly at high speeds.,B2,Экология,Oxford
convince,v.,kənˈvɪns,убеждать,He failed to <b>convince</b> the jury of his innocence.,B2,Закон,Oxford
beneficial,adj.,ˌbenɪˈfɪʃl,"полезный, благоприятный",A balanced diet is highly <b>beneficial</b> for wellbeing.,B2,Здоровье,Oxford
bias,n.,ˈbaɪəs,"предвзятость, уклон",Media outlets should report facts without <b>bias</b>.,B2,Медиа,Oxford
boost,v.,buːst,"повышать, стимулировать",Positive feedback can <b>boost</b> employee morale.,B2,Работа,Oxford
boundary,n.,ˈbaʊndri,"граница, рубеж",Rivers often form a natural regional <b>boundary</b>.,B2,География,Oxford
broaden,v.,ˈbrɔːdn,расширять,Travel helps to <b>broaden</b> a person's horizon.,B2,Путешествия,Oxford
burden,n.,ˈbɜːdn,"бремя, обуза",Caring for a large estate can be a financial <b>burden</b>.,B2,Деньги,Oxford
abandon,v.,əˈbændən,покидать,The crew was forced to <b>abandon</b> the damaged ship.,B2,События,Oxford
absorb,v.,əbˈzɔːb,"поглощать, впитывать",Plants <b>absorb</b> carbon dioxide from the air.,B2,Наука,Oxford
abstract,adj.,ˈæbstrækt,абстрактный,The artist paints in an <b>abstract</b> style.,B2,Искусство,Oxford
accidental,adj.,ˌæksɪˈdentl,случайный,It was an <b>accidental</b> deletion of the file.,B2,Описание,Oxford
accountant,n.,əˈkaʊntənt,бухгалтер,An <b>accountant</b> audits the financial records.,B2,Профессии,Oxford
accurately,adv.,ˈækjərətli,"точно, достоверно",It is difficult to <b>accurately</b> predict the market.,B2,Описание,Oxford
actual,adj.,ˈæktʃuəl,"фактический, реальный",The <b>actual</b> cost was higher than estimated.,B2,Описание,Oxford
address,v.,əˈdres,решать (проблему),We must <b>address</b> the issue of food waste immediately.,B2,Бизнес,Oxford
adequate,adj.,ˈædɪkwət,"адекватный, достаточный",Ensure the room has <b>adequate</b> ventilation.,B2,Описание,Oxford
adjust,v.,ədˈʒʌst,"регулировать, настраивать",You can <b>adjust</b> the height of the seat.,B2,Быт,Oxford
approach,v.,əˈprəʊtʃ,приближаться,Winter is beginning to <b>approach</b> rapidly.,B2,Время,Oxford
artificial,adj.,ˌɑːtɪˈfɪʃl,искусственный,This drink contains no <b>artificial</b> colors or flavors.,B2,Еда,Oxford
assistance,n.,əˈsɪstəns,помощь,Contact support if you require technical <b>assistance</b>.,B2,Сервис,Oxford
awareness,n.,əˈweənəs,осведомленность,The campaign aims to raise environmental <b>awareness</b>.,B2,Общество,Oxford
term,n.,tɜːm,условия (договора),Read the <b>term</b>s and conditions before signing.,B2,Бизнес,Oxford
tight,adj.,taɪt,сжатый (о сроках),The project has a very <b>tight</b> deadline.,B2,Работа,Oxford
interpret,v.,ɪnˈtɜːprət,"интерпретировать, толковать",Data analysts <b>interpret</b> complex chart results.,B2,Наука,Oxford
failure,n.,ˈfeɪljə(r),сбой,Power <b>failure</b> caused the production line to stop.,B2,Бизнес,Oxford
commit,v.,kəˈmɪt,брать на себя обязательство,He refused to <b>commit</b> to a long-term contract.,B2,Бизнес,Oxford
conclude,v.,kənˈkluːd,делать вывод,Researchers <b>conclude</b> that further study is needed.,B2,Наука,Oxford
